"genome_id","genome_name","genome_quality","genome_status"
"1116234.3","Acinetobacter baumannii AB5075","Good","WGS"
"1439316.7","Acinetobacter baumannii BIDMC 56","Good","WGS"
"1409922.5","Acinetobacter baumannii MRSN 3405","Good","WGS"
"1409923.3","Acinetobacter baumannii MRSN 3527","Good","WGS"
"1409924.3","Acinetobacter baumannii MRSN 3942","Good","WGS"
"1409925.3","Acinetobacter baumannii MRSN 4106","Good","WGS"
"1409926.6","Acinetobacter baumannii MRSN 58","Good","WGS"
"1409927.3","Acinetobacter baumannii MRSN 7339","Good","WGS"
"1409928.3","Acinetobacter baumannii MRSN 7341","Good","WGS"
"405416.6","Acinetobacter baumannii ACICU","Good","Complete"
"509173.8","Acinetobacter baumannii AYE","Good","Complete"
"480119.5","Acinetobacter baumannii AB0057","Good","Complete"
"470.21046","Acinetobacter baumannii MTC1106","Good","WGS"
"470.21047","Acinetobacter baumannii MTC0619","Good","WGS"
"470.2142","Acinetobacter baumannii A069","Good","WGS"
"470.2143","Acinetobacter baumannii A068","Good","WGS"
"470.2155","Acinetobacter baumannii A085","Good","WGS"
"470.2156","Acinetobacter baumannii A086","Good","WGS"
"470.2157","Acinetobacter baumannii A087","Good","WGS"
"470.2158","Acinetobacter baumannii A089","Good","WGS"
"470.2159","Acinetobacter baumannii A091","Good","WGS"
"470.2160","Acinetobacter baumannii A092","Good","WGS"
"470.2161","Acinetobacter baumannii A093","Good","WGS"
"470.2162","Acinetobacter baumannii A094","Good","WGS"
"470.2163","Acinetobacter baumannii A095","Good","WGS"
"470.2165","Acinetobacter baumannii A097","Good","WGS"
"470.2166","Acinetobacter baumannii A099","Good","WGS"
"470.2167","Acinetobacter baumannii A100","Good","WGS"
"470.2168","Acinetobacter baumannii A101","Good","WGS"
"470.22910","Acinetobacter baumannii MGL_112","Good","WGS"
"470.22911","Acinetobacter baumannii MGL_77","Good","WGS"
"470.22912","Acinetobacter baumannii MGL_78","Good","WGS"
"470.22913","Acinetobacter baumannii 20200622_MGL_69","Good","WGS"
"470.22914","Acinetobacter baumannii MGL_74","Good","WGS"
"470.22915","Acinetobacter baumannii 20200622_MGL_62","Good","WGS"
"470.22916","Acinetobacter baumannii MGL_59","Good","WGS"
"470.22917","Acinetobacter baumannii MGL_180","Good","WGS"
"470.22918","Acinetobacter baumannii MGL_179","Good","WGS"
"470.22919","Acinetobacter baumannii MGL_176","Good","WGS"
"470.22920","Acinetobacter baumannii MGL_175","Good","WGS"
"470.22921","Acinetobacter baumannii MGL_172","Good","WGS"
"470.22922","Acinetobacter baumannii MGL_166","Good","WGS"
"470.22923","Acinetobacter baumannii MGL_165","Good","WGS"
"470.22924","Acinetobacter baumannii MGL_168","Good","WGS"
"470.22925","Acinetobacter baumannii MGL_154","Good","WGS"
"470.22926","Acinetobacter baumannii 20200203_MGL_15","Good","WGS"
"470.22927","Acinetobacter baumannii 20200317_MGL_42","Good","WGS"
"470.22928","Acinetobacter baumannii 20200317_MGL_38","Good","WGS"
"470.22929","Acinetobacter baumannii 20200317_MGL_36","Good","WGS"
"470.22930","Acinetobacter baumannii MGL_Ab_14","Good","WGS"
"470.22931","Acinetobacter baumannii MGL_Ab_12","Good","WGS"
"470.22932","Acinetobacter baumannii MGL_Ab_15","Good","WGS"
"470.22933","Acinetobacter baumannii MGL_Ab_8","Good","WGS"
"470.22934","Acinetobacter baumannii MGL_Ab_11","Good","WGS"
"470.22935","Acinetobacter baumannii MGL_Ab_9","Good","WGS"
"470.22936","Acinetobacter baumannii MGL_Ab_13","Good","WGS"
"470.22937","Acinetobacter baumannii MGL_Ab_6","Good","WGS"
"470.22938","Acinetobacter baumannii MGL_Ab_7","Good","WGS"
"470.22939","Acinetobacter baumannii MGL_Ab_5","Good","WGS"
"470.22940","Acinetobacter baumannii MGL_Ab_10","Good","WGS"
"470.22941","Acinetobacter baumannii MGL_Ab_4","Good","WGS"
"470.22942","Acinetobacter baumannii MGL_Ab_2","Good","WGS"
"470.22943","Acinetobacter baumannii MGL_Ab_1","Good","WGS"
"470.22944","Acinetobacter baumannii MGL_Ab_3","Good","WGS"
"470.22945","Acinetobacter baumannii MGL_132","Good","WGS"
"470.23139","Acinetobacter baumannii A3629","Good","WGS"
"470.23140","Acinetobacter baumannii A3637","Good","WGS"
"470.23141","Acinetobacter baumannii A3593","Good","WGS"
"470.23142","Acinetobacter baumannii A3597","Good","WGS"
"470.23143","Acinetobacter baumannii A3570","Good","WGS"
"470.23144","Acinetobacter baumannii A3569","Good","WGS"
"470.23145","Acinetobacter baumannii A3557","Good","WGS"
"470.23147","Acinetobacter baumannii A3232","Good","WGS"
"470.2425","Acinetobacter baumannii A070","Good","WGS"
"470.2426","Acinetobacter baumannii A071","Good","WGS"
"470.24267","Acinetobacter baumannii MGL_78","Good","WGS"
"470.2427","Acinetobacter baumannii A072","Good","WGS"
"470.24271","Acinetobacter baumannii MGL_59","Good","WGS"
"470.24272","Acinetobacter baumannii MGL_180","Good","WGS"
"470.24273","Acinetobacter baumannii MGL_179","Good","WGS"
"470.24274","Acinetobacter baumannii MGL_175","Good","WGS"
"470.24275","Acinetobacter baumannii MGL_172","Good","WGS"
"470.24276","Acinetobacter baumannii MGL_176","Good","WGS"
"470.2428","Acinetobacter baumannii A074","Good","WGS"
"470.24287","Acinetobacter baumannii MGL_Ab_14","Good","WGS"
"470.2429","Acinetobacter baumannii A076","Good","WGS"
"470.24291","Acinetobacter baumannii MGL_Ab_8","Good","WGS"
"470.24293","Acinetobacter baumannii MGL_Ab_6","Good","WGS"
"470.24296","Acinetobacter baumannii MGL_Ab_5","Good","WGS"
"470.24297","Acinetobacter baumannii MGL_Ab_2","Good","WGS"
"470.24298","Acinetobacter baumannii MGL_Ab_1","Good","WGS"
"470.2430","Acinetobacter baumannii A077","Good","WGS"
"470.2431","Acinetobacter baumannii A078","Good","WGS"
"470.2432","Acinetobacter baumannii A079","Good","WGS"
"470.2433","Acinetobacter baumannii A080","Good","WGS"
"470.2434","Acinetobacter baumannii A084","Good","WGS"
"470.2435","Acinetobacter baumannii A082","Good","WGS"
"470.2436","Acinetobacter baumannii A096","Good","WGS"
"470.2437","Acinetobacter baumannii A105","Good","WGS"
"470.24266","Acinetobacter baumannii MGL_112","Good","WGS"
"470.24268","Acinetobacter baumannii MGL_74","Good","WGS"
"470.24269","Acinetobacter baumannii 20200622_MGL_69","Good","WGS"
"470.24270","Acinetobacter baumannii 20200622_MGL_62","Good","WGS"
"470.24277","Acinetobacter baumannii MGL_166","Good","WGS"
"470.24278","Acinetobacter baumannii MGL_168","Good","WGS"
"470.24279","Acinetobacter baumannii MGL_165","Good","WGS"
"470.24280","Acinetobacter baumannii 20200203_MGL_15","Good","WGS"
"470.24281","Acinetobacter baumannii MGL_154","Good","WGS"
"470.24282","Acinetobacter baumannii 20200317_MGL_42","Good","WGS"
"470.24283","Acinetobacter baumannii 20200317_MGL_38","Good","WGS"
"470.24284","Acinetobacter baumannii 20200317_MGL_36","Good","WGS"
"470.24288","Acinetobacter baumannii MGL_Ab_11","Good","WGS"
"470.24289","Acinetobacter baumannii MGL_Ab_10","Good","WGS"
"470.24290","Acinetobacter baumannii MGL_Ab_9","Good","WGS"
"470.24292","Acinetobacter baumannii MGL_Ab_7","Good","WGS"
"470.24294","Acinetobacter baumannii MGL_Ab_3","Good","WGS"
"470.24295","Acinetobacter baumannii MGL_Ab_4","Good","WGS"
"470.24299","Acinetobacter baumannii MGL_132","Good","WGS"
"470.24336","Acinetobacter baumannii MGL_77","Good","WGS"
"470.24337","Acinetobacter baumannii MGL_Ab_12","Good","WGS"
"470.2843","Acinetobacter baumannii strain AR_0036","Good","WGS"
"470.2844","Acinetobacter baumannii strain AR_0037","Good","WGS"
"470.2845","Acinetobacter baumannii strain AR_0033","Good","WGS"
"470.2846","Acinetobacter baumannii strain AR_0035","Good","WGS"
"470.2847","Acinetobacter baumannii strain AR_0045","Good","WGS"
"470.3764","Acinetobacter baumannii strain ARLG-1818","Good","WGS"
"470.3765","Acinetobacter baumannii strain ARLG-1775","Good","WGS"
"470.3766","Acinetobacter baumannii strain ARLG-1915","Good","WGS"
"470.3767","Acinetobacter baumannii strain ARLG-1788","Good","WGS"
"470.3768","Acinetobacter baumannii strain ARLG-1777","Good","WGS"
"470.3769","Acinetobacter baumannii strain ARLG-1860","Good","WGS"
"470.3770","Acinetobacter baumannii strain ARLG-1894","Good","WGS"
"470.3771","Acinetobacter baumannii strain ARLG-1854","Good","WGS"
"470.3772","Acinetobacter baumannii strain ARLG-1912","Good","WGS"
"470.3996","Acinetobacter baumannii strain ABCRPSTH03","Good","WGS"
"470.3997","Acinetobacter baumannii strain ABCRPSTH04","Good","WGS"
"470.3998","Acinetobacter baumannii strain ABCRPSTH07","Good","WGS"
"470.3999","Acinetobacter baumannii strain ABCRPSTH05","Good","WGS"
"470.4000","Acinetobacter baumannii strain ABCRPSTH09","Good","WGS"
"470.4001","Acinetobacter baumannii strain ABCRPSTH06","Good","WGS"
"470.4002","Acinetobacter baumannii strain ABCRPSTH10","Good","WGS"
"470.4003","Acinetobacter baumannii strain ABCRPSTH12","Good","WGS"
"470.4004","Acinetobacter baumannii strain ABCRPUTH04","Good","WGS"
"470.4005","Acinetobacter baumannii strain ABCRPUTH05","Good","WGS"
"470.4006","Acinetobacter baumannii strain ABCRPUTH07","Good","WGS"
"470.4007","Acinetobacter baumannii strain ABCRPUTH09","Good","WGS"
"470.4008","Acinetobacter baumannii strain ABCRPUTH08","Good","WGS"
"470.4009","Acinetobacter baumannii strain ABCRPUTH10","Good","WGS"
"470.4010","Acinetobacter baumannii strain ABCRPUTH12","Good","WGS"
"470.4011","Acinetobacter baumannii strain ABCRPUTH13","Good","WGS"
"470.4012","Acinetobacter baumannii strain ABCRPUTH14","Good","WGS"
"470.4013","Acinetobacter baumannii strain ABCRPUTH15","Good","WGS"
"470.4014","Acinetobacter baumannii strain ABCRPSTH08","Good","WGS"
"470.4015","Acinetobacter baumannii strain ABCRPSTH11","Good","WGS"
"470.4016","Acinetobacter baumannii strain ABCRPUTH11","Good","WGS"
"470.4017","Acinetobacter baumannii strain ABCRPUTH06","Good","WGS"
"470.4063","Acinetobacter baumannii strain SIUA6","Good","WGS"
"470.4064","Acinetobacter baumannii strain SIPA5","Good","WGS"
"470.4065","Acinetobacter baumannii strain SIUA14","Good","WGS"
"470.4066","Acinetobacter baumannii strain SIPA14","Good","WGS"
"470.4701","Acinetobacter baumannii strain AR_0056","Good","Complete"
"470.4702","Acinetobacter baumannii strain AR_0063","Good","Complete"
"470.4704","Acinetobacter baumannii strain AR_0078","Good","Complete"
"470.4748","Acinetobacter baumannii strain AR_0088","Good","Complete"
"470.4785","Acinetobacter baumannii strain AR_0102","Good","Complete"
"470.4786","Acinetobacter baumannii strain AR_0101","Good","Complete"
"470.4792","Acinetobacter baumannii strain SGH1011","Good","WGS"
"470.4809","Acinetobacter baumannii strain KCRI-186 strain RDK03_186","Good","WGS"
"470.4823","Acinetobacter baumannii strain KCRI-49 strain RDK39_49","Good","WGS"
"470.4824","Acinetobacter baumannii strain KCRI-518B strain RDK05_518B","Good","WGS"
"470.4825","Acinetobacter baumannii strain KCRI-558 strain RDK05_558","Good","WGS"
"470.4826","Acinetobacter baumannii strain KCRI-423 strain RDK06_423","Good","WGS"
"470.4827","Acinetobacter baumannii strain KCRI-432B strain RDK37_43","Good","WGS"
"470.4828","Acinetobacter baumannii strain KCRI-43 strain RDK06_432B","Good","WGS"
"470.4829","Acinetobacter baumannii strain KCRI-363 strain RDK04_363","Good","WGS"
"470.4830","Acinetobacter baumannii strain KCRI-309C strain RDK01_309C","Good","WGS"
"470.4831","Acinetobacter baumannii strain KCRI-123C strain R0004_123C","Good","WGS"
"470.4832","Acinetobacter baumannii strain KCRI-28 strain RDK36_28","Good","WGS"
"470.4833","Acinetobacter baumannii strain KCRI-164C strain RDK01_164C","Good","WGS"
"470.4834","Acinetobacter baumannii strain KCRI-33 strain RDK36_33","Good","WGS"
"470.4835","Acinetobacter baumannii strain KCRI-116 strain RDK02_116","Good","WGS"
"470.4881","Acinetobacter baumannii strain AR_0056","Good","Complete"
"470.4882","Acinetobacter baumannii strain SGH0402","Good","WGS"
"470.4883","Acinetobacter baumannii strain SGH0602","Good","WGS"
"470.4885","Acinetobacter baumannii strain SGH0702","Good","WGS"
"470.4886","Acinetobacter baumannii strain SGH0905","Good","WGS"
"470.4887","Acinetobacter baumannii strain SGH0907","Good","WGS"
"470.4888","Acinetobacter baumannii strain SGH1012","Good","WGS"
"470.4892","Acinetobacter baumannii strain SGH1113","Good","WGS"
"470.4895","Acinetobacter baumannii strain SGH0825","Good","WGS"
"470.4896","Acinetobacter baumannii strain SGH0403","Good","WGS"
"470.4897","Acinetobacter baumannii strain SGH1010","Good","WGS"
"470.4901","Acinetobacter baumannii strain AR_0083","Good","Complete"
"470.5040","Acinetobacter baumannii strain CCUG 70743","Good","WGS"
"470.5410","Acinetobacter baumannii strain AR_0070","Good","Complete"
"470.5421","Acinetobacter baumannii strain AR_0052","Good","Complete"
"470.6170","Acinetobacter baumannii strain AB_US_2","Good","WGS"
"470.6171","Acinetobacter baumannii strain AB_US_1","Good","WGS"
"470.6172","Acinetobacter baumannii strain AB_401","Good","WGS"
"470.6173","Acinetobacter baumannii strain AB_381","Good","WGS"
"470.6174","Acinetobacter baumannii strain AB_369","Good","WGS"
"470.6175","Acinetobacter baumannii strain AB_374","Good","WGS"
"470.6176","Acinetobacter baumannii strain AB_368","Good","WGS"
"470.6177","Acinetobacter baumannii strain AB_359","Good","WGS"
"470.6178","Acinetobacter baumannii strain AB_364","Good","WGS"
"470.6179","Acinetobacter baumannii strain AB_353","Good","WGS"
"470.6180","Acinetobacter baumannii strain AB_349","Good","WGS"
"470.6181","Acinetobacter baumannii strain AB_347","Good","WGS"
"470.6182","Acinetobacter baumannii strain AB_331","Good","WGS"
"470.6183","Acinetobacter baumannii strain AB_221","Good","WGS"
"470.6184","Acinetobacter baumannii strain AB_186","Good","WGS"
"470.6185","Acinetobacter baumannii strain AB_US_6","Good","WGS"
"470.6186","Acinetobacter baumannii strain AB_397","Good","WGS"
"470.6187","Acinetobacter baumannii strain AB_396","Good","WGS"
"470.6188","Acinetobacter baumannii strain AB_390","Good","WGS"
"470.6189","Acinetobacter baumannii strain AB_387","Good","WGS"
"470.6190","Acinetobacter baumannii strain AB_382","Good","WGS"
"470.6191","Acinetobacter baumannii strain AB_363","Good","WGS"
"470.6192","Acinetobacter baumannii strain AB_267","Good","WGS"
"470.6193","Acinetobacter baumannii strain AB_235","Good","WGS"
"470.6194","Acinetobacter baumannii strain AB_165","Good","WGS"
"470.6195","Acinetobacter baumannii strain AB_159","Good","WGS"
"470.6196","Acinetobacter baumannii strain AB_156","Good","WGS"
"470.6197","Acinetobacter baumannii strain AB_US_10","Good","WGS"
"470.6198","Acinetobacter baumannii strain AB_394","Good","WGS"
"470.6199","Acinetobacter baumannii strain AB_391","Good","WGS"
"470.6200","Acinetobacter baumannii strain AB_389","Good","WGS"
"470.6201","Acinetobacter baumannii strain AB_258","Good","WGS"
"470.6202","Acinetobacter baumannii strain AB_193","Good","WGS"
"470.6203","Acinetobacter baumannii strain AB_172","Good","WGS"
"470.6204","Acinetobacter baumannii strain AB_261","Good","WGS"
"470.6205","Acinetobacter baumannii strain AB_191","Good","WGS"
"470.6206","Acinetobacter baumannii strain AB_168","Good","WGS"
"470.6207","Acinetobacter baumannii strain AB_272","Good","WGS"
"470.6208","Acinetobacter baumannii strain AB_230","Good","WGS"
"470.6209","Acinetobacter baumannii strain AB_203","Good","WGS"
"470.6210","Acinetobacter baumannii strain AB_170","Good","WGS"
"470.6211","Acinetobacter baumannii strain AB_194","Good","WGS"
"470.6212","Acinetobacter baumannii strain AB_152","Good","WGS"
"470.6213","Acinetobacter baumannii strain AB_161","Good","WGS"
"470.6214","Acinetobacter baumannii strain AB_149","Good","WGS"
"470.6215","Acinetobacter baumannii strain AB_126","Good","WGS"
"470.6216","Acinetobacter baumannii strain AB_147","Good","WGS"
"470.6217","Acinetobacter baumannii strain AB_145","Good","WGS"
"470.6218","Acinetobacter baumannii strain AB_107","Good","WGS"
"470.6219","Acinetobacter baumannii strain AB_115","Good","WGS"
"470.6220","Acinetobacter baumannii strain AB_100","Good","WGS"
"470.6221","Acinetobacter baumannii strain AB_095","Good","WGS"
"470.6222","Acinetobacter baumannii strain AB_104","Good","WGS"
"470.6223","Acinetobacter baumannii strain AB_091","Good","WGS"
"470.6224","Acinetobacter baumannii strain AB_098","Good","WGS"
"470.6225","Acinetobacter baumannii strain AB_088","Good","WGS"
"470.6226","Acinetobacter baumannii strain AB_074","Good","WGS"
"470.6227","Acinetobacter baumannii strain AB_085","Good","WGS"
"470.6228","Acinetobacter baumannii strain AB_062","Good","WGS"
"470.6229","Acinetobacter baumannii strain AB_056","Good","WGS"
"470.6230","Acinetobacter baumannii strain AB_039","Good","WGS"
"470.6231","Acinetobacter baumannii strain AB_036","Good","WGS"
"470.6232","Acinetobacter baumannii strain AB_035","Good","WGS"
"470.6233","Acinetobacter baumannii strain AB_023","Good","WGS"
"470.6234","Acinetobacter baumannii strain AB_020","Good","WGS"
"470.6235","Acinetobacter baumannii strain AB_014","Good","WGS"
"470.6236","Acinetobacter baumannii strain AB_002","Good","WGS"
"470.6237","Acinetobacter baumannii strain AB_140","Good","WGS"
"470.6238","Acinetobacter baumannii strain AB_102","Good","WGS"
"470.6239","Acinetobacter baumannii strain AB_097","Good","WGS"
"470.6240","Acinetobacter baumannii strain AB_094","Good","WGS"
"470.6241","Acinetobacter baumannii strain AB_083","Good","WGS"
"470.6242","Acinetobacter baumannii strain AB_077","Good","WGS"
"470.6243","Acinetobacter baumannii strain AB_043","Good","WGS"
"470.6244","Acinetobacter baumannii strain AB_053","Good","WGS"
"470.6245","Acinetobacter baumannii strain AB_026","Good","WGS"
"470.6246","Acinetobacter baumannii strain AB_025","Good","WGS"
"470.6247","Acinetobacter baumannii strain AB_029","Good","WGS"
"470.7338","Acinetobacter baumannii strain 130","Good","WGS"
"470.7339","Acinetobacter baumannii strain 171","Good","WGS"
"470.7340","Acinetobacter baumannii strain 177","Good","WGS"
"470.7341","Acinetobacter baumannii strain 182","Good","WGS"
"470.7342","Acinetobacter baumannii strain 183","Good","WGS"
"470.7343","Acinetobacter baumannii strain 260","Good","WGS"
"470.7344","Acinetobacter baumannii strain 329","Good","WGS"
"470.7345","Acinetobacter baumannii strain 360","Good","WGS"
"470.7346","Acinetobacter baumannii strain 362","Good","WGS"
"470.7347","Acinetobacter baumannii strain 456","Good","WGS"
"470.7348","Acinetobacter baumannii strain 468","Good","WGS"
"470.7353","Acinetobacter baumannii strain BL04","Good","WGS"
"470.7354","Acinetobacter baumannii strain BL05","Good","WGS"
"470.7357","Acinetobacter baumannii strain BL08","Good","WGS"
"470.7363","Acinetobacter baumannii strain BL14","Good","WGS"
"470.7364","Acinetobacter baumannii strain BL15","Good","WGS"
"470.7367","Acinetobacter baumannii strain BL18","Good","WGS"
"470.7370","Acinetobacter baumannii strain BL21","Good","WGS"
"470.7371","Acinetobacter baumannii strain BL22","Good","WGS"
"470.7349","Acinetobacter baumannii strain 473","Good","WGS"
"470.7350","Acinetobacter baumannii strain 87","Good","WGS"
"470.7351","Acinetobacter baumannii strain BL02","Good","WGS"
"470.7352","Acinetobacter baumannii strain BL03","Good","WGS"
"470.7355","Acinetobacter baumannii strain BL06","Good","WGS"
"470.7356","Acinetobacter baumannii strain BL07","Good","WGS"
"470.7358","Acinetobacter baumannii strain BL09","Good","WGS"
"470.7359","Acinetobacter baumannii strain BL10","Good","WGS"
"470.7360","Acinetobacter baumannii strain BL11","Good","WGS"
"470.7361","Acinetobacter baumannii strain BL12","Good","WGS"
"470.7362","Acinetobacter baumannii strain BL13","Good","WGS"
"470.7365","Acinetobacter baumannii strain BL16","Good","WGS"
"470.7366","Acinetobacter baumannii strain BL17","Good","WGS"
"470.7368","Acinetobacter baumannii strain BL19","Good","WGS"
"470.7369","Acinetobacter baumannii strain BL20","Good","WGS"
"470.7372","Acinetobacter baumannii strain BL23","Good","WGS"
"470.7373","Acinetobacter baumannii strain BL24","Good","WGS"
"470.7374","Acinetobacter baumannii strain FDA-CDC-AR_0273","Good","WGS"
"470.7375","Acinetobacter baumannii strain FDA-CDC-AR_0274","Good","WGS"
"470.7376","Acinetobacter baumannii strain FDA-CDC-AR_0275","Good","WGS"
"470.7377","Acinetobacter baumannii strain FDA-CDC-AR_0277","Good","WGS"
"470.7378","Acinetobacter baumannii strain FDA-CDC-AR_0278","Good","WGS"
"470.7379","Acinetobacter baumannii strain FDA-CDC-AR_0279","Good","WGS"
"470.7380","Acinetobacter baumannii strain FDA-CDC-AR_0280","Good","WGS"
"470.7381","Acinetobacter baumannii strain FDA-CDC-AR_0281","Good","WGS"
"470.7382","Acinetobacter baumannii strain FDA-CDC-AR_0282","Good","WGS"
"470.7383","Acinetobacter baumannii strain FDA-CDC-AR_0283","Good","WGS"
"470.7384","Acinetobacter baumannii strain FDA-CDC-AR_0284","Good","WGS"
"470.7385","Acinetobacter baumannii strain FDA-CDC-AR_0285","Good","WGS"
"470.7386","Acinetobacter baumannii strain FDA-CDC-AR_0286","Good","WGS"
"470.7387","Acinetobacter baumannii strain FDA-CDC-AR_0287","Good","WGS"
"470.7388","Acinetobacter baumannii strain FDA-CDC-AR_0288","Good","WGS"
"470.7389","Acinetobacter baumannii strain FDA-CDC-AR_0289","Good","WGS"
"470.7390","Acinetobacter baumannii strain FDA-CDC-AR_0290","Good","WGS"
"470.7391","Acinetobacter baumannii strain FDA-CDC-AR_0291","Good","WGS"
"470.7392","Acinetobacter baumannii strain FDA-CDC-AR_0292","Good","WGS"
"470.7393","Acinetobacter baumannii strain FDA-CDC-AR_0293","Good","WGS"
"470.7394","Acinetobacter baumannii strain FDA-CDC-AR_0294","Good","WGS"
"470.7395","Acinetobacter baumannii strain FDA-CDC-AR_0295","Good","WGS"
"470.7396","Acinetobacter baumannii strain FDA-CDC-AR_0296","Good","WGS"
"470.7397","Acinetobacter baumannii strain FDA-CDC-AR_0297","Good","WGS"
"470.7398","Acinetobacter baumannii strain FDA-CDC-AR_0298","Good","WGS"
"470.7399","Acinetobacter baumannii strain FDA-CDC-AR_0299","Good","WGS"
"470.7400","Acinetobacter baumannii strain FDA-CDC-AR_0300","Good","WGS"
"470.7401","Acinetobacter baumannii strain FDA-CDC-AR_0301","Good","WGS"
"470.7402","Acinetobacter baumannii strain FDA-CDC-AR_0302","Good","WGS"
"470.7403","Acinetobacter baumannii strain FDA-CDC-AR_0303","Good","WGS"
"470.7404","Acinetobacter baumannii strain FDA-CDC-AR_0304","Good","WGS"
"470.7405","Acinetobacter baumannii strain FDA-CDC-AR_0305","Good","WGS"
"470.7406","Acinetobacter baumannii strain FDA-CDC-AR_0306","Good","WGS"
"470.7407","Acinetobacter baumannii strain FDA-CDC-AR_0307","Good","WGS"
"470.7408","Acinetobacter baumannii strain FDA-CDC-AR_0308","Good","WGS"
"470.7409","Acinetobacter baumannii strain FDA-CDC-AR_0309","Good","WGS"
"470.7410","Acinetobacter baumannii strain FDA-CDC-AR_0310","Good","WGS"
"470.7411","Acinetobacter baumannii strain FDA-CDC-AR_0311","Good","WGS"
"470.7412","Acinetobacter baumannii strain FDA-CDC-AR_0312","Good","WGS"
"470.7413","Acinetobacter baumannii strain FDA-CDC-AR_0313","Good","WGS"
"470.7414","Acinetobacter baumannii strain MRSN10191","Good","WGS"
"470.7415","Acinetobacter baumannii strain MRSN10371","Good","WGS"
"470.7416","Acinetobacter baumannii strain MRSN10372","Good","WGS"
"470.7417","Acinetobacter baumannii strain MRSN11650","Good","WGS"
"470.7418","Acinetobacter baumannii strain MRSN11653","Good","WGS"
"470.7419","Acinetobacter baumannii strain MRSN11659","Good","WGS"
"470.7420","Acinetobacter baumannii strain MRSN11660","Good","WGS"
"470.7421","Acinetobacter baumannii strain MRSN11669","Good","WGS"
"470.7423","Acinetobacter baumannii strain MRSN11674","Good","WGS"
"470.7424","Acinetobacter baumannii strain MRSN11675","Good","WGS"
"470.7425","Acinetobacter baumannii strain MRSN11679","Good","WGS"
"470.7426","Acinetobacter baumannii strain MRSN11680","Good","WGS"
"470.7427","Acinetobacter baumannii strain MRSN11683","Good","WGS"
"470.7428","Acinetobacter baumannii strain MRSN11684","Good","WGS"
"470.7429","Acinetobacter baumannii strain MRSN11687","Good","WGS"
"470.7430","Acinetobacter baumannii strain MRSN11688","Good","WGS"
"470.7431","Acinetobacter baumannii strain MRSN11690","Good","WGS"
"470.7432","Acinetobacter baumannii strain MRSN11695","Good","WGS"
"470.7433","Acinetobacter baumannii strain MRSN11698","Good","WGS"
"470.7434","Acinetobacter baumannii strain MRSN11700","Good","WGS"
"470.7435","Acinetobacter baumannii strain MRSN11701","Good","WGS"
"470.7436","Acinetobacter baumannii strain MRSN11705","Good","WGS"
"470.7437","Acinetobacter baumannii strain MRSN11706","Good","WGS"
"470.7438","Acinetobacter baumannii strain MRSN11707","Good","WGS"
"470.7439","Acinetobacter baumannii strain MRSN11708","Good","WGS"
"470.7452","Acinetobacter baumannii strain MRSN11727","Good","WGS"
"470.7454","Acinetobacter baumannii strain MRSN11732","Good","WGS"
"470.7455","Acinetobacter baumannii strain MRSN11735","Good","WGS"
"470.7456","Acinetobacter baumannii strain MRSN11736","Good","WGS"
"470.7465","Acinetobacter baumannii strain MRSN11748","Good","WGS"
"470.7472","Acinetobacter baumannii strain MRSN11759","Good","WGS"
"470.7476","Acinetobacter baumannii strain MRSN11763","Good","WGS"
"470.7480","Acinetobacter baumannii strain MRSN11767","Good","WGS"
"470.7481","Acinetobacter baumannii strain MRSN11769","Good","WGS"
"470.7486","Acinetobacter baumannii strain MRSN11776","Good","WGS"
"470.7487","Acinetobacter baumannii strain MRSN11777","Good","WGS"
"470.7489","Acinetobacter baumannii strain MRSN11780","Good","WGS"
"470.7490","Acinetobacter baumannii strain MRSN11781","Good","WGS"
"470.7496","Acinetobacter baumannii strain MRSN11793","Good","WGS"
"470.7517","Acinetobacter baumannii strain MRSN1308","Good","WGS"
"470.7527","Acinetobacter baumannii strain MRSN15037","Good","WGS"
"470.7528","Acinetobacter baumannii strain MRSN15038","Good","WGS"
"470.7440","Acinetobacter baumannii strain MRSN11709","Good","WGS"
"470.7441","Acinetobacter baumannii strain MRSN11710","Good","WGS"
"470.7442","Acinetobacter baumannii strain MRSN11712","Good","WGS"
"470.7443","Acinetobacter baumannii strain MRSN11713","Good","WGS"
"470.7444","Acinetobacter baumannii strain MRSN11714","Good","WGS"
"470.7445","Acinetobacter baumannii strain MRSN11716","Good","WGS"
"470.7446","Acinetobacter baumannii strain MRSN11720","Good","WGS"
"470.7447","Acinetobacter baumannii strain MRSN11721","Good","WGS"
"470.7448","Acinetobacter baumannii strain MRSN11722","Good","WGS"
"470.7449","Acinetobacter baumannii strain MRSN11723","Good","WGS"
"470.7450","Acinetobacter baumannii strain MRSN11725","Good","WGS"
"470.7451","Acinetobacter baumannii strain MRSN11726","Good","WGS"
"470.7453","Acinetobacter baumannii strain MRSN11729","Good","WGS"
"470.7457","Acinetobacter baumannii strain MRSN11737","Good","WGS"
"470.7458","Acinetobacter baumannii strain MRSN11738","Good","WGS"
"470.7459","Acinetobacter baumannii strain MRSN11739","Good","WGS"
"470.7460","Acinetobacter baumannii strain MRSN11742","Good","WGS"
"470.7461","Acinetobacter baumannii strain MRSN11744","Good","WGS"
"470.7462","Acinetobacter baumannii strain MRSN11745","Good","WGS"
"470.7463","Acinetobacter baumannii strain MRSN11746","Good","WGS"
"470.7464","Acinetobacter baumannii strain MRSN11747","Good","WGS"
"470.7466","Acinetobacter baumannii strain MRSN11749","Good","WGS"
"470.7467","Acinetobacter baumannii strain MRSN11750","Good","WGS"
"470.7468","Acinetobacter baumannii strain MRSN11751","Good","WGS"
"470.7469","Acinetobacter baumannii strain MRSN11753","Good","WGS"
"470.7470","Acinetobacter baumannii strain MRSN11756","Good","WGS"
"470.7471","Acinetobacter baumannii strain MRSN11757","Good","WGS"
"470.7473","Acinetobacter baumannii strain MRSN11760","Good","WGS"
"470.7474","Acinetobacter baumannii strain MRSN11761","Good","WGS"
"470.7475","Acinetobacter baumannii strain MRSN11762","Good","WGS"
"470.7477","Acinetobacter baumannii strain MRSN11764","Good","WGS"
"470.7478","Acinetobacter baumannii strain MRSN11765","Good","WGS"
"470.7479","Acinetobacter baumannii strain MRSN11766","Good","WGS"
"470.7482","Acinetobacter baumannii strain MRSN11770","Good","WGS"
"470.7483","Acinetobacter baumannii strain MRSN11771","Good","WGS"
"470.7484","Acinetobacter baumannii strain MRSN11772","Good","WGS"
"470.7485","Acinetobacter baumannii strain MRSN11774","Good","WGS"
"470.7488","Acinetobacter baumannii strain MRSN11778","Good","WGS"
"470.7491","Acinetobacter baumannii strain MRSN11783","Good","WGS"
"470.7492","Acinetobacter baumannii strain MRSN11784","Good","WGS"
"470.7493","Acinetobacter baumannii strain MRSN11788","Good","WGS"
"470.7494","Acinetobacter baumannii strain MRSN11790","Good","WGS"
"470.7495","Acinetobacter baumannii strain MRSN11792","Good","WGS"
"470.7497","Acinetobacter baumannii strain MRSN11795","Good","WGS"
"470.7498","Acinetobacter baumannii strain MRSN11796","Good","WGS"
"470.7499","Acinetobacter baumannii strain MRSN11797","Good","WGS"
"470.7500","Acinetobacter baumannii strain MRSN11801","Good","WGS"
"470.7501","Acinetobacter baumannii strain MRSN11803","Good","WGS"
"470.7502","Acinetobacter baumannii strain MRSN11804","Good","WGS"
"470.7503","Acinetobacter baumannii strain MRSN11806","Good","WGS"
"470.7504","Acinetobacter baumannii strain MRSN11807","Good","WGS"
"470.7505","Acinetobacter baumannii strain MRSN11811","Good","WGS"
"470.7506","Acinetobacter baumannii strain MRSN11812","Good","WGS"
"470.7507","Acinetobacter baumannii strain MRSN11813","Good","WGS"
"470.7508","Acinetobacter baumannii strain MRSN11815","Good","WGS"
"470.7509","Acinetobacter baumannii strain MRSN11816","Good","WGS"
"470.7510","Acinetobacter baumannii strain MRSN11819","Good","WGS"
"470.7511","Acinetobacter baumannii strain MRSN11820","Good","WGS"
"470.7512","Acinetobacter baumannii strain MRSN11821","Good","WGS"
"470.7513","Acinetobacter baumannii strain MRSN11822","Good","WGS"
"470.7514","Acinetobacter baumannii strain MRSN11823","Good","WGS"
"470.7515","Acinetobacter baumannii strain MRSN11825","Good","WGS"
"470.7516","Acinetobacter baumannii strain MRSN11826","Good","WGS"
"470.7518","Acinetobacter baumannii strain MRSN1309","Good","WGS"
"470.7519","Acinetobacter baumannii strain MRSN1339","Good","WGS"
"470.7520","Acinetobacter baumannii strain MRSN1410","Good","WGS"
"470.7521","Acinetobacter baumannii strain MRSN1420","Good","WGS"
"470.7522","Acinetobacter baumannii strain MRSN1428","Good","WGS"
"470.7523","Acinetobacter baumannii strain MRSN1439","Good","WGS"
"470.7524","Acinetobacter baumannii strain MRSN1449","Good","WGS"
"470.7525","Acinetobacter baumannii strain MRSN1450","Good","WGS"
"470.7526","Acinetobacter baumannii strain MRSN1461","Good","WGS"
"470.7529","Acinetobacter baumannii strain MRSN15039","Good","WGS"
"470.7530","Acinetobacter baumannii strain MRSN15042","Good","WGS"
"470.7564","Acinetobacter baumannii strain MRSN1971","Good","WGS"
"470.7565","Acinetobacter baumannii strain MRSN1973","Good","WGS"
"470.7590","Acinetobacter baumannii strain MRSN7073","Good","WGS"
"470.7591","Acinetobacter baumannii strain MRSN7074","Good","WGS"
"470.7592","Acinetobacter baumannii strain MRSN7079","Good","WGS"
"470.7596","Acinetobacter baumannii strain MRSN7087","Good","WGS"
"470.7598","Acinetobacter baumannii strain MRSN7091","Good","WGS"
"470.7599","Acinetobacter baumannii strain MRSN7097","Good","WGS"
"470.7600","Acinetobacter baumannii strain MRSN7099","Good","WGS"
"470.7602","Acinetobacter baumannii strain MRSN7102","Good","WGS"
"470.7604","Acinetobacter baumannii strain MRSN7111","Good","WGS"
"470.7606","Acinetobacter baumannii strain MRSN7114","Good","WGS"
"470.7608","Acinetobacter baumannii strain MRSN7116","Good","WGS"
"470.7609","Acinetobacter baumannii strain MRSN7117","Good","WGS"
"470.7611","Acinetobacter baumannii strain MRSN7119","Good","WGS"
"470.7612","Acinetobacter baumannii strain MRSN7122","Good","WGS"
"470.7614","Acinetobacter baumannii strain MRSN7125","Good","WGS"
"470.7615","Acinetobacter baumannii strain MRSN7126","Good","WGS"
"470.7616","Acinetobacter baumannii strain MRSN7127","Good","WGS"
"470.7618","Acinetobacter baumannii strain MRSN7129","Good","WGS"
"470.7619","Acinetobacter baumannii strain MRSN7130","Good","WGS"
"470.7621","Acinetobacter baumannii strain MRSN7132","Good","WGS"
"470.7531","Acinetobacter baumannii strain MRSN15043","Good","WGS"
"470.7532","Acinetobacter baumannii strain MRSN15044","Good","WGS"
"470.7533","Acinetobacter baumannii strain MRSN15045","Good","WGS"
"470.7534","Acinetobacter baumannii strain MRSN15046","Good","WGS"
"470.7535","Acinetobacter baumannii strain MRSN15047","Good","WGS"
"470.7536","Acinetobacter baumannii strain MRSN15048","Good","WGS"
"470.7537","Acinetobacter baumannii strain MRSN15064","Good","WGS"
"470.7538","Acinetobacter baumannii strain MRSN15065","Good","WGS"
"470.7539","Acinetobacter baumannii strain MRSN15066","Good","WGS"
"470.7540","Acinetobacter baumannii strain MRSN15067","Good","WGS"
"470.7541","Acinetobacter baumannii strain MRSN15068","Good","WGS"
"470.7542","Acinetobacter baumannii strain MRSN15070","Good","WGS"
"470.7543","Acinetobacter baumannii strain MRSN15071","Good","WGS"
"470.7544","Acinetobacter baumannii strain MRSN15072","Good","WGS"
"470.7545","Acinetobacter baumannii strain MRSN15073","Good","WGS"
"470.7546","Acinetobacter baumannii strain MRSN15075","Good","WGS"
"470.7547","Acinetobacter baumannii strain MRSN15076","Good","WGS"
"470.7548","Acinetobacter baumannii strain MRSN15078","Good","WGS"
"470.7549","Acinetobacter baumannii strain MRSN15079","Good","WGS"
"470.7550","Acinetobacter baumannii strain MRSN15080","Good","WGS"
"470.7551","Acinetobacter baumannii strain MRSN15081","Good","WGS"
"470.7552","Acinetobacter baumannii strain MRSN15082","Good","WGS"
"470.7553","Acinetobacter baumannii strain MRSN15083","Good","WGS"
"470.7554","Acinetobacter baumannii strain MRSN15084","Good","WGS"
"470.7555","Acinetobacter baumannii strain MRSN15085","Good","WGS"
"470.7556","Acinetobacter baumannii strain MRSN15086","Good","WGS"
"470.7557","Acinetobacter baumannii strain MRSN15087","Good","WGS"
"470.7558","Acinetobacter baumannii strain MRSN1551","Good","WGS"
"470.7559","Acinetobacter baumannii strain MRSN15088","Good","WGS"
"470.7560","Acinetobacter baumannii strain MRSN1598","Good","WGS"
"470.7561","Acinetobacter baumannii strain MRSN1738","Good","WGS"
"470.7563","Acinetobacter baumannii strain MRSN1967","Good","WGS"
"470.7566","Acinetobacter baumannii strain MRSN1980","Good","WGS"
"470.7567","Acinetobacter baumannii strain MRSN1987","Good","WGS"
"470.7568","Acinetobacter baumannii strain MRSN1988","Good","WGS"
"470.7569","Acinetobacter baumannii strain MRSN1992","Good","WGS"
"470.7570","Acinetobacter baumannii strain MRSN1998","Good","WGS"
"470.7571","Acinetobacter baumannii strain MRSN2009","Good","WGS"
"470.7572","Acinetobacter baumannii strain MRSN2021","Good","WGS"
"470.7573","Acinetobacter baumannii strain MRSN2024","Good","WGS"
"470.7574","Acinetobacter baumannii strain MRSN2427","Good","WGS"
"470.7575","Acinetobacter baumannii strain MRSN2441","Good","WGS"
"470.7576","Acinetobacter baumannii strain MRSN2821","Good","WGS"
"470.7577","Acinetobacter baumannii strain MRSN2830","Good","WGS"
"470.7578","Acinetobacter baumannii strain MRSN2839","Good","WGS"
"470.7579","Acinetobacter baumannii strain MRSN2840","Good","WGS"
"470.7580","Acinetobacter baumannii strain MRSN3360","Good","WGS"
"470.7581","Acinetobacter baumannii strain MRSN3547","Good","WGS"
"470.7582","Acinetobacter baumannii strain MRSN3607","Good","WGS"
"470.7583","Acinetobacter baumannii strain MRSN3843","Good","WGS"
"470.7584","Acinetobacter baumannii strain MRSN3851","Good","WGS"
"470.7585","Acinetobacter baumannii strain MRSN4481","Good","WGS"
"470.7586","Acinetobacter baumannii strain MRSN7068","Good","WGS"
"470.7587","Acinetobacter baumannii strain MRSN7069","Good","WGS"
"470.7588","Acinetobacter baumannii strain MRSN7070","Good","WGS"
"470.7589","Acinetobacter baumannii strain MRSN7072","Good","WGS"
"470.7593","Acinetobacter baumannii strain MRSN7084","Good","WGS"
"470.7594","Acinetobacter baumannii strain MRSN7080","Good","WGS"
"470.7595","Acinetobacter baumannii strain MRSN7086","Good","WGS"
"470.7601","Acinetobacter baumannii strain MRSN7100","Good","WGS"
"470.7603","Acinetobacter baumannii strain MRSN7108","Good","WGS"
"470.7610","Acinetobacter baumannii strain MRSN7118","Good","WGS"
"470.7613","Acinetobacter baumannii strain MRSN7124","Good","WGS"
"470.7617","Acinetobacter baumannii strain MRSN7128","Good","WGS"
"470.7622","Acinetobacter baumannii strain MRSN7133","Good","WGS"
"470.7625","Acinetobacter baumannii strain MRSN7138","Good","WGS"
"470.7627","Acinetobacter baumannii strain MRSN7140","Good","WGS"
"470.7629","Acinetobacter baumannii strain MRSN7143","Good","WGS"
"470.7630","Acinetobacter baumannii strain MRSN7145","Good","WGS"
"470.7640","Acinetobacter baumannii strain MRSN7157","Good","WGS"
"470.7642","Acinetobacter baumannii strain MRSN7159","Good","WGS"
"470.7645","Acinetobacter baumannii strain MRSN7162","Good","WGS"
"470.7647","Acinetobacter baumannii strain MRSN7164","Good","WGS"
"470.7648","Acinetobacter baumannii strain MRSN7165","Good","WGS"
"470.7649","Acinetobacter baumannii strain MRSN7166","Good","WGS"
"470.7652","Acinetobacter baumannii strain MRSN7169","Good","WGS"
"470.7655","Acinetobacter baumannii strain MRSN7172","Good","WGS"
"470.7657","Acinetobacter baumannii strain MRSN7175","Good","WGS"
"470.7662","Acinetobacter baumannii strain MRSN7186","Good","WGS"
"470.7664","Acinetobacter baumannii strain MRSN7189","Good","WGS"
"470.7665","Acinetobacter baumannii strain MRSN7202","Good","WGS"
"470.7669","Acinetobacter baumannii strain MRSN7208","Good","WGS"
"470.7670","Acinetobacter baumannii strain MRSN7209","Good","WGS"
"470.7671","Acinetobacter baumannii strain MRSN7211","Good","WGS"
"470.7682","Acinetobacter baumannii strain MRSN7224","Good","WGS"
"470.7683","Acinetobacter baumannii strain MRSN7226","Good","WGS"
"470.7692","Acinetobacter baumannii strain MRSN7237","Good","WGS"
"470.7698","Acinetobacter baumannii strain MRSN7245","Good","WGS"
"470.7702","Acinetobacter baumannii strain MRSN7250","Good","WGS"
"470.7704","Acinetobacter baumannii strain MRSN7252","Good","WGS"
"470.7705","Acinetobacter baumannii strain MRSN7253","Good","WGS"
"470.7707","Acinetobacter baumannii strain MRSN7255","Good","WGS"
"470.7710","Acinetobacter baumannii strain MRSN7258","Good","WGS"
"470.7711","Acinetobacter baumannii strain MRSN7259","Good","WGS"
"470.7712","Acinetobacter baumannii strain MRSN7261","Good","WGS"
"470.7713","Acinetobacter baumannii strain MRSN7263","Good","WGS"
"470.7623","Acinetobacter baumannii strain MRSN7134","Good","WGS"
"470.7624","Acinetobacter baumannii strain MRSN7137","Good","WGS"
"470.7626","Acinetobacter baumannii strain MRSN7139","Good","WGS"
"470.7628","Acinetobacter baumannii strain MRSN7142","Good","WGS"
"470.7631","Acinetobacter baumannii strain MRSN7146","Good","WGS"
"470.7632","Acinetobacter baumannii strain MRSN7147","Good","WGS"
"470.7633","Acinetobacter baumannii strain MRSN7148","Good","WGS"
"470.7634","Acinetobacter baumannii strain MRSN7149","Good","WGS"
"470.7635","Acinetobacter baumannii strain MRSN7150","Good","WGS"
"470.7636","Acinetobacter baumannii strain MRSN7153","Good","WGS"
"470.7637","Acinetobacter baumannii strain MRSN7154","Good","WGS"
"470.7638","Acinetobacter baumannii strain MRSN7155","Good","WGS"
"470.7639","Acinetobacter baumannii strain MRSN7156","Good","WGS"
"470.7641","Acinetobacter baumannii strain MRSN7158","Good","WGS"
"470.7643","Acinetobacter baumannii strain MRSN7160","Good","WGS"
"470.7644","Acinetobacter baumannii strain MRSN7161","Good","WGS"
"470.7646","Acinetobacter baumannii strain MRSN7163","Good","WGS"
"470.7651","Acinetobacter baumannii strain MRSN7168","Good","WGS"
"470.7653","Acinetobacter baumannii strain MRSN7170","Good","WGS"
"470.7654","Acinetobacter baumannii strain MRSN7171","Good","WGS"
"470.7656","Acinetobacter baumannii strain MRSN7173","Good","WGS"
"470.7658","Acinetobacter baumannii strain MRSN7181","Good","WGS"
"470.7659","Acinetobacter baumannii strain MRSN7183","Good","WGS"
"470.7660","Acinetobacter baumannii strain MRSN7184","Good","WGS"
"470.7661","Acinetobacter baumannii strain MRSN7185","Good","WGS"
"470.7663","Acinetobacter baumannii strain MRSN7188","Good","WGS"
"470.7666","Acinetobacter baumannii strain MRSN7204","Good","WGS"
"470.7667","Acinetobacter baumannii strain MRSN7206","Good","WGS"
"470.7672","Acinetobacter baumannii strain MRSN7212","Good","WGS"
"470.7673","Acinetobacter baumannii strain MRSN7214","Good","WGS"
"470.7674","Acinetobacter baumannii strain MRSN7216","Good","WGS"
"470.7675","Acinetobacter baumannii strain MRSN7217","Good","WGS"
"470.7677","Acinetobacter baumannii strain MRSN7219","Good","WGS"
"470.7678","Acinetobacter baumannii strain MRSN7220","Good","WGS"
"470.7679","Acinetobacter baumannii strain MRSN7221","Good","WGS"
"470.7680","Acinetobacter baumannii strain MRSN7222","Good","WGS"
"470.7681","Acinetobacter baumannii strain MRSN7223","Good","WGS"
"470.7684","Acinetobacter baumannii strain MRSN7227","Good","WGS"
"470.7685","Acinetobacter baumannii strain MRSN7228","Good","WGS"
"470.7686","Acinetobacter baumannii strain MRSN7229","Good","WGS"
"470.7687","Acinetobacter baumannii strain MRSN7231","Good","WGS"
"470.7688","Acinetobacter baumannii strain MRSN7232","Good","WGS"
"470.7689","Acinetobacter baumannii strain MRSN7235","Good","WGS"
"470.7690","Acinetobacter baumannii strain MRSN7234","Good","WGS"
"470.7691","Acinetobacter baumannii strain MRSN7236","Good","WGS"
"470.7693","Acinetobacter baumannii strain MRSN7238","Good","WGS"
"470.7694","Acinetobacter baumannii strain MRSN7239","Good","WGS"
"470.7695","Acinetobacter baumannii strain MRSN7240","Good","WGS"
"470.7696","Acinetobacter baumannii strain MRSN7241","Good","WGS"
"470.7697","Acinetobacter baumannii strain MRSN7243","Good","WGS"
"470.7699","Acinetobacter baumannii strain MRSN7247","Good","WGS"
"470.7700","Acinetobacter baumannii strain MRSN7248","Good","WGS"
"470.7701","Acinetobacter baumannii strain MRSN7249","Good","WGS"
"470.7703","Acinetobacter baumannii strain MRSN7251","Good","WGS"
"470.7708","Acinetobacter baumannii strain MRSN7256","Good","WGS"
"470.7709","Acinetobacter baumannii strain MRSN7257","Good","WGS"
"470.7714","Acinetobacter baumannii strain MRSN7262","Good","WGS"
"470.7715","Acinetobacter baumannii strain MRSN7267","Good","WGS"
"470.7716","Acinetobacter baumannii strain MRSN7269","Good","WGS"
"470.7717","Acinetobacter baumannii strain MRSN7270","Good","WGS"
"470.7719","Acinetobacter baumannii strain MRSN7272","Good","WGS"
"470.7721","Acinetobacter baumannii strain MRSN7274","Good","WGS"
"470.7722","Acinetobacter baumannii strain MRSN7277","Good","WGS"
"470.7723","Acinetobacter baumannii strain MRSN7278","Good","WGS"
"470.7725","Acinetobacter baumannii strain MRSN7280","Good","WGS"
"470.7729","Acinetobacter baumannii strain MRSN7285","Good","WGS"
"470.7731","Acinetobacter baumannii strain MRSN7289","Good","WGS"
"470.7732","Acinetobacter baumannii strain MRSN7290","Good","WGS"
"470.7733","Acinetobacter baumannii strain MRSN7291","Good","WGS"
"470.7735","Acinetobacter baumannii strain MRSN7294","Good","WGS"
"470.7737","Acinetobacter baumannii strain MRSN7296","Good","WGS"
"470.7738","Acinetobacter baumannii strain MRSN7297","Good","WGS"
"470.7746","Acinetobacter baumannii strain MRSN7308","Good","WGS"
"470.775","Acinetobacter baumannii A1","Good","Complete"
"470.7752","Acinetobacter baumannii strain MRSN7316","Good","WGS"
"470.7753","Acinetobacter baumannii strain MRSN7318","Good","WGS"
"470.7754","Acinetobacter baumannii strain MRSN7321","Good","WGS"
"470.7755","Acinetobacter baumannii strain MRSN7322","Good","WGS"
"470.7756","Acinetobacter baumannii strain MRSN7323","Good","WGS"
"470.7758","Acinetobacter baumannii strain MRSN7325","Good","WGS"
"470.7759","Acinetobacter baumannii strain MRSN7326","Good","WGS"
"470.7763","Acinetobacter baumannii strain MRSN7331","Good","WGS"
"470.7767","Acinetobacter baumannii strain MRSN7343","Good","WGS"
"470.7770","Acinetobacter baumannii strain MRSN7346","Good","WGS"
"470.7775","Acinetobacter baumannii strain MRSN7351","Good","WGS"
"470.7776","Acinetobacter baumannii strain MRSN7352","Good","WGS"
"470.7777","Acinetobacter baumannii strain MRSN7353","Good","WGS"
"470.7780","Acinetobacter baumannii strain MRSN7356","Good","WGS"
"470.7783","Acinetobacter baumannii strain MRSN7360","Good","WGS"
"470.7785","Acinetobacter baumannii strain MRSN7362","Good","WGS"
"470.7787","Acinetobacter baumannii strain MRSN7364","Good","WGS"
"470.7790","Acinetobacter baumannii strain MRSN7367","Good","WGS"
"470.7791","Acinetobacter baumannii strain MRSN7368","Good","WGS"
"470.7796","Acinetobacter baumannii strain MRSN7376","Good","WGS"
"470.7801","Acinetobacter baumannii strain MRSN7381","Good","WGS"
"470.7802","Acinetobacter baumannii strain MRSN7382","Good","WGS"
"470.7803","Acinetobacter baumannii strain MRSN7383","Good","WGS"
"470.7804","Acinetobacter baumannii strain MRSN7385","Good","WGS"
"470.7720","Acinetobacter baumannii strain MRSN7273","Good","WGS"
"470.7724","Acinetobacter baumannii strain MRSN7279","Good","WGS"
"470.7726","Acinetobacter baumannii strain MRSN7281","Good","WGS"
"470.7727","Acinetobacter baumannii strain MRSN7282","Good","WGS"
"470.7728","Acinetobacter baumannii strain MRSN7284","Good","WGS"
"470.7730","Acinetobacter baumannii strain MRSN7286","Good","WGS"
"470.7734","Acinetobacter baumannii strain MRSN7293","Good","WGS"
"470.7736","Acinetobacter baumannii strain MRSN7295","Good","WGS"
"470.7739","Acinetobacter baumannii strain MRSN7298","Good","WGS"
"470.7740","Acinetobacter baumannii strain MRSN7299","Good","WGS"
"470.7741","Acinetobacter baumannii strain MRSN7301","Good","WGS"
"470.7742","Acinetobacter baumannii strain MRSN7303","Good","WGS"
"470.7743","Acinetobacter baumannii strain MRSN7304","Good","WGS"
"470.7744","Acinetobacter baumannii strain MRSN7305","Good","WGS"
"470.7745","Acinetobacter baumannii strain MRSN7306","Good","WGS"
"470.7747","Acinetobacter baumannii strain MRSN7309","Good","WGS"
"470.7748","Acinetobacter baumannii strain MRSN7310","Good","WGS"
"470.7749","Acinetobacter baumannii strain MRSN7311","Good","WGS"
"470.7751","Acinetobacter baumannii strain MRSN7314","Good","WGS"
"470.7757","Acinetobacter baumannii strain MRSN7324","Good","WGS"
"470.7760","Acinetobacter baumannii strain MRSN7327","Good","WGS"
"470.7761","Acinetobacter baumannii strain MRSN7328","Good","WGS"
"470.7762","Acinetobacter baumannii strain MRSN7330","Good","WGS"
"470.7764","Acinetobacter baumannii strain MRSN7336","Good","WGS"
"470.7765","Acinetobacter baumannii strain MRSN7338","Good","WGS"
"470.7766","Acinetobacter baumannii strain MRSN7342","Good","WGS"
"470.7768","Acinetobacter baumannii strain MRSN7344","Good","WGS"
"470.7769","Acinetobacter baumannii strain MRSN7345","Good","WGS"
"470.7771","Acinetobacter baumannii strain MRSN7347","Good","WGS"
"470.7772","Acinetobacter baumannii strain MRSN7348","Good","WGS"
"470.7773","Acinetobacter baumannii strain MRSN7349","Good","WGS"
"470.7774","Acinetobacter baumannii strain MRSN7350","Good","WGS"
"470.7778","Acinetobacter baumannii strain MRSN7354","Good","WGS"
"470.7779","Acinetobacter baumannii strain MRSN7355","Good","WGS"
"470.7781","Acinetobacter baumannii strain MRSN7357","Good","WGS"
"470.7782","Acinetobacter baumannii strain MRSN7359","Good","WGS"
"470.7784","Acinetobacter baumannii strain MRSN7361","Good","WGS"
"470.7786","Acinetobacter baumannii strain MRSN7363","Good","WGS"
"470.7788","Acinetobacter baumannii strain MRSN7365","Good","WGS"
"470.7789","Acinetobacter baumannii strain MRSN7366","Good","WGS"
"470.7792","Acinetobacter baumannii strain MRSN7370","Good","WGS"
"470.7793","Acinetobacter baumannii strain MRSN7372","Good","WGS"
"470.7794","Acinetobacter baumannii strain MRSN7373","Good","WGS"
"470.7795","Acinetobacter baumannii strain MRSN7375","Good","WGS"
"470.7797","Acinetobacter baumannii strain MRSN7377","Good","WGS"
"470.7798","Acinetobacter baumannii strain MRSN7378","Good","WGS"
"470.7799","Acinetobacter baumannii strain MRSN7379","Good","WGS"
"470.7800","Acinetobacter baumannii strain MRSN7380","Good","WGS"
"470.7805","Acinetobacter baumannii strain MRSN7386","Good","WGS"
"470.7806","Acinetobacter baumannii strain MRSN7387","Good","WGS"
"470.7807","Acinetobacter baumannii strain MRSN7388","Good","WGS"
"470.7808","Acinetobacter baumannii strain MRSN7389","Good","WGS"
"470.7809","Acinetobacter baumannii strain MRSN7390","Good","WGS"
"470.7810","Acinetobacter baumannii strain MRSN7391","Good","WGS"
"470.7811","Acinetobacter baumannii strain MRSN7392","Good","WGS"
"470.7814","Acinetobacter baumannii strain MRSN7397","Good","WGS"
"470.7815","Acinetobacter baumannii strain MRSN7398","Good","WGS"
"470.7821","Acinetobacter baumannii strain MRSN7406","Good","WGS"
"470.7830","Acinetobacter baumannii strain MRSN7415","Good","WGS"
"470.7835","Acinetobacter baumannii strain MRSN7420","Good","WGS"
"470.7838","Acinetobacter baumannii strain MRSN7424","Good","WGS"
"470.7840","Acinetobacter baumannii strain MRSN7435","Good","WGS"
"470.7846","Acinetobacter baumannii strain MRSN7446","Good","WGS"
"470.7851","Acinetobacter baumannii strain MRSN7456","Good","WGS"
"470.7853","Acinetobacter baumannii strain MRSN7458","Good","WGS"
"470.7859","Acinetobacter baumannii strain MRSN7465","Good","WGS"
"470.7863","Acinetobacter baumannii strain MRSN7470","Good","WGS"
"470.7864","Acinetobacter baumannii strain MRSN7471","Good","WGS"
"470.7865","Acinetobacter baumannii strain MRSN7472","Good","WGS"
"470.7868","Acinetobacter baumannii strain MRSN7477","Good","WGS"
"470.7872","Acinetobacter baumannii strain MRSN7482","Good","WGS"
"470.7873","Acinetobacter baumannii strain MRSN7483","Good","WGS"
"470.7877","Acinetobacter baumannii strain MRSN7487","Good","WGS"
"470.7878","Acinetobacter baumannii strain MRSN7488","Good","WGS"
"470.7879","Acinetobacter baumannii strain MRSN7489","Good","WGS"
"470.7882","Acinetobacter baumannii strain MRSN7495","Good","WGS"
"470.7885","Acinetobacter baumannii strain MRSN7499","Good","WGS"
"470.7886","Acinetobacter baumannii strain MRSN7500","Good","WGS"
"470.7887","Acinetobacter baumannii strain MRSN7503","Good","WGS"
"470.7888","Acinetobacter baumannii strain MRSN7504","Good","WGS"
"470.7889","Acinetobacter baumannii strain MRSN7505","Good","WGS"
"470.7890","Acinetobacter baumannii strain MRSN7506","Good","WGS"
"470.7892","Acinetobacter baumannii strain MRSN7509","Good","WGS"
"470.7893","Acinetobacter baumannii strain MRSN7510","Good","WGS"
"470.7894","Acinetobacter baumannii strain MRSN7511","Good","WGS"
"470.7898","Acinetobacter baumannii strain MRSN7518","Good","WGS"
"470.7899","Acinetobacter baumannii strain MRSN7517","Good","WGS"
"470.7900","Acinetobacter baumannii strain MRSN7520","Good","WGS"
"470.7902","Acinetobacter baumannii strain MRSN7524","Good","WGS"
"470.7903","Acinetobacter baumannii strain MRSN7525","Good","WGS"
"470.7904","Acinetobacter baumannii strain MRSN7526","Good","WGS"
"470.7905","Acinetobacter baumannii strain MRSN7531","Good","WGS"
"470.7906","Acinetobacter baumannii strain MRSN7532","Good","WGS"
"470.7907","Acinetobacter baumannii strain MRSN7535","Good","WGS"
"470.7908","Acinetobacter baumannii strain MRSN7539","Good","WGS"
"470.7909","Acinetobacter baumannii strain MRSN7543","Good","WGS"
"470.7910","Acinetobacter baumannii strain MRSN7544","Good","WGS"
"470.7911","Acinetobacter baumannii strain MRSN7545","Good","WGS"
"470.7812","Acinetobacter baumannii strain MRSN7393","Good","WGS"
"470.7813","Acinetobacter baumannii strain MRSN7394","Good","WGS"
"470.7816","Acinetobacter baumannii strain MRSN7401","Good","WGS"
"470.7817","Acinetobacter baumannii strain MRSN7402","Good","WGS"
"470.7818","Acinetobacter baumannii strain MRSN7403","Good","WGS"
"470.7819","Acinetobacter baumannii strain MRSN7404","Good","WGS"
"470.7820","Acinetobacter baumannii strain MRSN7405","Good","WGS"
"470.7822","Acinetobacter baumannii strain MRSN7407","Good","WGS"
"470.7823","Acinetobacter baumannii strain MRSN7408","Good","WGS"
"470.7824","Acinetobacter baumannii strain MRSN7409","Good","WGS"
"470.7825","Acinetobacter baumannii strain MRSN7410","Good","WGS"
"470.7826","Acinetobacter baumannii strain MRSN7411","Good","WGS"
"470.7827","Acinetobacter baumannii strain MRSN7412","Good","WGS"
"470.7828","Acinetobacter baumannii strain MRSN7413","Good","WGS"
"470.7829","Acinetobacter baumannii strain MRSN7414","Good","WGS"
"470.7831","Acinetobacter baumannii strain MRSN7416","Good","WGS"
"470.7832","Acinetobacter baumannii strain MRSN7417","Good","WGS"
"470.7833","Acinetobacter baumannii strain MRSN7418","Good","WGS"
"470.7834","Acinetobacter baumannii strain MRSN7419","Good","WGS"
"470.7836","Acinetobacter baumannii strain MRSN7421","Good","WGS"
"470.7837","Acinetobacter baumannii strain MRSN7423","Good","WGS"
"470.7841","Acinetobacter baumannii strain MRSN7436","Good","WGS"
"470.7842","Acinetobacter baumannii strain MRSN7437","Good","WGS"
"470.7843","Acinetobacter baumannii strain MRSN7438","Good","WGS"
"470.7844","Acinetobacter baumannii strain MRSN7440","Good","WGS"
"470.7845","Acinetobacter baumannii strain MRSN7441","Good","WGS"
"470.7847","Acinetobacter baumannii strain MRSN7447","Good","WGS"
"470.7848","Acinetobacter baumannii strain MRSN7448","Good","WGS"
"470.7849","Acinetobacter baumannii strain MRSN7454","Good","WGS"
"470.7850","Acinetobacter baumannii strain MRSN7455","Good","WGS"
"470.7852","Acinetobacter baumannii strain MRSN7457","Good","WGS"
"470.7854","Acinetobacter baumannii strain MRSN7460","Good","WGS"
"470.7855","Acinetobacter baumannii strain MRSN7459","Good","WGS"
"470.7856","Acinetobacter baumannii strain MRSN7461","Good","WGS"
"470.7857","Acinetobacter baumannii strain MRSN7462","Good","WGS"
"470.7858","Acinetobacter baumannii strain MRSN7463","Good","WGS"
"470.7860","Acinetobacter baumannii strain MRSN7467","Good","WGS"
"470.7861","Acinetobacter baumannii strain MRSN7468","Good","WGS"
"470.7862","Acinetobacter baumannii strain MRSN7469","Good","WGS"
"470.7866","Acinetobacter baumannii strain MRSN7474","Good","WGS"
"470.7867","Acinetobacter baumannii strain MRSN7475","Good","WGS"
"470.7869","Acinetobacter baumannii strain MRSN7478","Good","WGS"
"470.7870","Acinetobacter baumannii strain MRSN7479","Good","WGS"
"470.7871","Acinetobacter baumannii strain MRSN7481","Good","WGS"
"470.7874","Acinetobacter baumannii strain MRSN7484","Good","WGS"
"470.7875","Acinetobacter baumannii strain MRSN7485","Good","WGS"
"470.7876","Acinetobacter baumannii strain MRSN7486","Good","WGS"
"470.7880","Acinetobacter baumannii strain MRSN7491","Good","WGS"
"470.7881","Acinetobacter baumannii strain MRSN7492","Good","WGS"
"470.7883","Acinetobacter baumannii strain MRSN7497","Good","WGS"
"470.7884","Acinetobacter baumannii strain MRSN7498","Good","WGS"
"470.7891","Acinetobacter baumannii strain MRSN7508","Good","WGS"
"470.7895","Acinetobacter baumannii strain MRSN7512","Good","WGS"
"470.7897","Acinetobacter baumannii strain MRSN7515","Good","WGS"
"470.7901","Acinetobacter baumannii strain MRSN7521","Good","WGS"
"470.7912","Acinetobacter baumannii strain MRSN7547","Good","WGS"
"470.7913","Acinetobacter baumannii strain MRSN7548","Good","WGS"
"470.7914","Acinetobacter baumannii strain MRSN7549","Good","WGS"
"470.7916","Acinetobacter baumannii strain MRSN7551","Good","WGS"
"470.7922","Acinetobacter baumannii strain MRSN7564","Good","WGS"
"470.7924","Acinetobacter baumannii strain MRSN7566","Good","WGS"
"470.7925","Acinetobacter baumannii strain MRSN7567","Good","WGS"
"470.7929","Acinetobacter baumannii strain MRSN7571","Good","WGS"
"470.7931","Acinetobacter baumannii strain MRSN7576","Good","WGS"
"470.7938","Acinetobacter baumannii strain MRSN7586","Good","WGS"
"470.7939","Acinetobacter baumannii strain MRSN7588","Good","WGS"
"470.7943","Acinetobacter baumannii strain MRSN7594","Good","WGS"
"470.7944","Acinetobacter baumannii strain MRSN7597","Good","WGS"
"470.7947","Acinetobacter baumannii strain MRSN7600","Good","WGS"
"470.7952","Acinetobacter baumannii strain MRSN7611","Good","WGS"
"470.7953","Acinetobacter baumannii strain MRSN7612","Good","WGS"
"470.7955","Acinetobacter baumannii strain MRSN7618","Good","WGS"
"470.7956","Acinetobacter baumannii strain MRSN7619","Good","WGS"
"470.7957","Acinetobacter baumannii strain MRSN7626","Good","WGS"
"470.7959","Acinetobacter baumannii strain MRSN7628","Good","WGS"
"470.7961","Acinetobacter baumannii strain MRSN7631","Good","WGS"
"470.7964","Acinetobacter baumannii strain MRSN7639","Good","WGS"
"470.7967","Acinetobacter baumannii strain MRSN7643","Good","WGS"
"470.7969","Acinetobacter baumannii strain MRSN7646","Good","WGS"
"470.7971","Acinetobacter baumannii strain MRSN7648","Good","WGS"
"470.7972","Acinetobacter baumannii strain MRSN7649","Good","WGS"
"470.7973","Acinetobacter baumannii strain MRSN7653","Good","WGS"
"470.7974","Acinetobacter baumannii strain MRSN7654","Good","WGS"
"470.7976","Acinetobacter baumannii strain MRSN7657","Good","WGS"
"470.7977","Acinetobacter baumannii strain MRSN7658","Good","WGS"
"470.7980","Acinetobacter baumannii strain MRSN7662","Good","WGS"
"470.7981","Acinetobacter baumannii strain MRSN7667","Good","WGS"
"470.7985","Acinetobacter baumannii strain MRSN7671","Good","WGS"
"470.7986","Acinetobacter baumannii strain MRSN7672","Good","WGS"
"470.7992","Acinetobacter baumannii strain MRSN7678","Good","WGS"
"470.7994","Acinetobacter baumannii strain MRSN7683","Good","WGS"
"470.7996","Acinetobacter baumannii strain MRSN7686","Good","WGS"
"470.7997","Acinetobacter baumannii strain MRSN7689","Good","WGS"
"470.7998","Acinetobacter baumannii strain MRSN7690","Good","WGS"
"470.8003","Acinetobacter baumannii strain MRSN7698","Good","WGS"
"470.8004","Acinetobacter baumannii strain MRSN7699","Good","WGS"
"470.8006","Acinetobacter baumannii strain MRSN7703","Good","WGS"
"470.8009","Acinetobacter baumannii strain MRSN7709","Good","WGS"
"470.8011","Acinetobacter baumannii strain MRSN7711","Good","WGS"
"470.7915","Acinetobacter baumannii strain MRSN7550","Good","WGS"
"470.7917","Acinetobacter baumannii strain MRSN7555","Good","WGS"
"470.7918","Acinetobacter baumannii strain MRSN7557","Good","WGS"
"470.7919","Acinetobacter baumannii strain MRSN7558","Good","WGS"
"470.7920","Acinetobacter baumannii strain MRSN7560","Good","WGS"
"470.7921","Acinetobacter baumannii strain MRSN7563","Good","WGS"
"470.7923","Acinetobacter baumannii strain MRSN7565","Good","WGS"
"470.7926","Acinetobacter baumannii strain MRSN7568","Good","WGS"
"470.7927","Acinetobacter baumannii strain MRSN7569","Good","WGS"
"470.7928","Acinetobacter baumannii strain MRSN7570","Good","WGS"
"470.7930","Acinetobacter baumannii strain MRSN7574","Good","WGS"
"470.7932","Acinetobacter baumannii strain MRSN7577","Good","WGS"
"470.7933","Acinetobacter baumannii strain MRSN7578","Good","WGS"
"470.7934","Acinetobacter baumannii strain MRSN7579","Good","WGS"
"470.7935","Acinetobacter baumannii strain MRSN7580","Good","WGS"
"470.7936","Acinetobacter baumannii strain MRSN7582","Good","WGS"
"470.7937","Acinetobacter baumannii strain MRSN7585","Good","WGS"
"470.7940","Acinetobacter baumannii strain MRSN7590","Good","WGS"
"470.7941","Acinetobacter baumannii strain MRSN7591","Good","WGS"
"470.7942","Acinetobacter baumannii strain MRSN7593","Good","WGS"
"470.7945","Acinetobacter baumannii strain MRSN7598","Good","WGS"
"470.7946","Acinetobacter baumannii strain MRSN7599","Good","WGS"
"470.7948","Acinetobacter baumannii strain MRSN7604","Good","WGS"
"470.7949","Acinetobacter baumannii strain MRSN7605","Good","WGS"
"470.7950","Acinetobacter baumannii strain MRSN7607","Good","WGS"
"470.7951","Acinetobacter baumannii strain MRSN7610","Good","WGS"
"470.7954","Acinetobacter baumannii strain MRSN7617","Good","WGS"
"470.7958","Acinetobacter baumannii strain MRSN7627","Good","WGS"
"470.7960","Acinetobacter baumannii strain MRSN7629","Good","WGS"
"470.7962","Acinetobacter baumannii strain MRSN7636","Good","WGS"
"470.7963","Acinetobacter baumannii strain MRSN7637","Good","WGS"
"470.7965","Acinetobacter baumannii strain MRSN7640","Good","WGS"
"470.7966","Acinetobacter baumannii strain MRSN7642","Good","WGS"
"470.7968","Acinetobacter baumannii strain MRSN7644","Good","WGS"
"470.7970","Acinetobacter baumannii strain MRSN7647","Good","WGS"
"470.7975","Acinetobacter baumannii strain MRSN7655","Good","WGS"
"470.7978","Acinetobacter baumannii strain MRSN7659","Good","WGS"
"470.7979","Acinetobacter baumannii strain MRSN7660","Good","WGS"
"470.7982","Acinetobacter baumannii strain MRSN7668","Good","WGS"
"470.7983","Acinetobacter baumannii strain MRSN7669","Good","WGS"
"470.7984","Acinetobacter baumannii strain MRSN7670","Good","WGS"
"470.7987","Acinetobacter baumannii strain MRSN7673","Good","WGS"
"470.7988","Acinetobacter baumannii strain MRSN7674","Good","WGS"
"470.7989","Acinetobacter baumannii strain MRSN7675","Good","WGS"
"470.7990","Acinetobacter baumannii strain MRSN7676","Good","WGS"
"470.7991","Acinetobacter baumannii strain MRSN7677","Good","WGS"
"470.7993","Acinetobacter baumannii strain MRSN7679","Good","WGS"
"470.7995","Acinetobacter baumannii strain MRSN7684","Good","WGS"
"470.7999","Acinetobacter baumannii strain MRSN7693","Good","WGS"
"470.8000","Acinetobacter baumannii strain MRSN7694","Good","WGS"
"470.8001","Acinetobacter baumannii strain MRSN7695","Good","WGS"
"470.8002","Acinetobacter baumannii strain MRSN7697","Good","WGS"
"470.8005","Acinetobacter baumannii strain MRSN7701","Good","WGS"
"470.8007","Acinetobacter baumannii strain MRSN7706","Good","WGS"
"470.8008","Acinetobacter baumannii strain MRSN7707","Good","WGS"
"470.8010","Acinetobacter baumannii strain MRSN7710","Good","WGS"
"470.8012","Acinetobacter baumannii strain MRSN7712","Good","WGS"
"470.8013","Acinetobacter baumannii strain MRSN7713","Good","WGS"
"470.8014","Acinetobacter baumannii strain MRSN7714","Good","WGS"
"470.8015","Acinetobacter baumannii strain MRSN7716","Good","WGS"
"470.8016","Acinetobacter baumannii strain MRSN7717","Good","WGS"
"470.8018","Acinetobacter baumannii strain MRSN7720","Good","WGS"
"470.8019","Acinetobacter baumannii strain MRSN7722","Good","WGS"
"470.8021","Acinetobacter baumannii strain MRSN7724","Good","WGS"
"470.8022","Acinetobacter baumannii strain MRSN7725","Good","WGS"
"470.8023","Acinetobacter baumannii strain MRSN7726","Good","WGS"
"470.8025","Acinetobacter baumannii strain MRSN7731","Good","WGS"
"470.8026","Acinetobacter baumannii strain MRSN7735","Good","WGS"
"470.8027","Acinetobacter baumannii strain MRSN7740","Good","WGS"
"470.8028","Acinetobacter baumannii strain MRSN7745","Good","WGS"
"470.8029","Acinetobacter baumannii strain MRSN7748","Good","WGS"
"470.8030","Acinetobacter baumannii strain MRSN7749","Good","WGS"
"470.8032","Acinetobacter baumannii strain MRSN7752","Good","WGS"
"470.8033","Acinetobacter baumannii strain MRSN7753","Good","WGS"
"470.8034","Acinetobacter baumannii strain MRSN7756","Good","WGS"
"470.8035","Acinetobacter baumannii strain MRSN7759","Good","WGS"
"470.8038","Acinetobacter baumannii strain MRSN7767","Good","WGS"
"470.8040","Acinetobacter baumannii strain MRSN7769","Good","WGS"
"470.8042","Acinetobacter baumannii strain MRSN7777","Good","WGS"
"470.8043","Acinetobacter baumannii strain MRSN7779","Good","WGS"
"470.8044","Acinetobacter baumannii strain MRSN7780","Good","WGS"
"470.8045","Acinetobacter baumannii strain MRSN7782","Good","WGS"
"470.8046","Acinetobacter baumannii strain MRSN7787","Good","WGS"
"470.8048","Acinetobacter baumannii strain MRSN7791","Good","WGS"
"470.8049","Acinetobacter baumannii strain MRSN7792","Good","WGS"
"470.8050","Acinetobacter baumannii strain MRSN7794","Good","WGS"
"470.8051","Acinetobacter baumannii strain MRSN7797","Good","WGS"
"470.8052","Acinetobacter baumannii strain MRSN7798","Good","WGS"
"470.8053","Acinetobacter baumannii strain MRSN7799","Good","WGS"
"470.8054","Acinetobacter baumannii strain MRSN7805","Good","WGS"
"470.8055","Acinetobacter baumannii strain MRSN7806","Good","WGS"
"470.8056","Acinetobacter baumannii strain MRSN7807","Good","WGS"
"470.8057","Acinetobacter baumannii strain MRSN7811","Good","WGS"
"470.8058","Acinetobacter baumannii strain MRSN7814","Good","WGS"
"470.8075","Acinetobacter baumannii strain MRSN867","Good","WGS"
"470.8078","Acinetobacter baumannii strain MRSN886","Good","WGS"
"470.8088","Acinetobacter baumannii strain MRSN891","Good","WGS"
"470.8089","Acinetobacter baumannii strain MRSN896","Good","WGS"
"470.8091","Acinetobacter baumannii strain MRSN902","Good","WGS"
"470.8017","Acinetobacter baumannii strain MRSN7718","Good","WGS"
"470.8020","Acinetobacter baumannii strain MRSN7723","Good","WGS"
"470.8024","Acinetobacter baumannii strain MRSN7730","Good","WGS"
"470.8031","Acinetobacter baumannii strain MRSN7751","Good","WGS"
"470.8036","Acinetobacter baumannii strain MRSN7760","Good","WGS"
"470.8037","Acinetobacter baumannii strain MRSN7761","Good","WGS"
"470.8039","Acinetobacter baumannii strain MRSN7768","Good","WGS"
"470.8041","Acinetobacter baumannii strain MRSN7776","Good","WGS"
"470.8047","Acinetobacter baumannii strain MRSN7790","Good","WGS"
"470.8059","Acinetobacter baumannii strain MRSN7815","Good","WGS"
"470.8060","Acinetobacter baumannii strain MRSN7816","Good","WGS"
"470.8061","Acinetobacter baumannii strain MRSN7817","Good","WGS"
"470.8062","Acinetobacter baumannii strain MRSN7818","Good","WGS"
"470.8063","Acinetobacter baumannii strain MRSN7819","Good","WGS"
"470.8064","Acinetobacter baumannii strain MRSN7821","Good","WGS"
"470.8065","Acinetobacter baumannii strain MRSN7822","Good","WGS"
"470.8066","Acinetobacter baumannii strain MRSN7824","Good","WGS"
"470.8067","Acinetobacter baumannii strain MRSN7828","Good","WGS"
"470.8068","Acinetobacter baumannii strain MRSN7829","Good","WGS"
"470.8069","Acinetobacter baumannii strain MRSN7831","Good","WGS"
"470.8070","Acinetobacter baumannii strain MRSN7832","Good","WGS"
"470.8071","Acinetobacter baumannii strain MRSN7834","Good","WGS"
"470.8072","Acinetobacter baumannii strain MRSN83","Good","WGS"
"470.8074","Acinetobacter baumannii strain MRSN85","Good","WGS"
"470.8076","Acinetobacter baumannii strain MRSN870","Good","WGS"
"470.8077","Acinetobacter baumannii strain MRSN885","Good","WGS"
"470.8079","Acinetobacter baumannii strain MRSN888","Good","WGS"
"470.8080","Acinetobacter baumannii strain MRSN889","Good","WGS"
"470.8081","Acinetobacter baumannii strain MRSN8899","Good","WGS"
"470.8082","Acinetobacter baumannii strain MRSN89","Good","WGS"
"470.8083","Acinetobacter baumannii strain MRSN890","Good","WGS"
"470.8084","Acinetobacter baumannii strain MRSN8900","Good","WGS"
"470.8085","Acinetobacter baumannii strain MRSN8901","Good","WGS"
"470.8086","Acinetobacter baumannii strain MRSN8902","Good","WGS"
"470.8087","Acinetobacter baumannii strain MRSN8903","Good","WGS"
"470.8090","Acinetobacter baumannii strain MRSN899","Good","WGS"
"470.8092","Acinetobacter baumannii strain MRSN908","Good","WGS"
"470.8093","Acinetobacter baumannii strain MRSN909","Good","WGS"
"470.8094","Acinetobacter baumannii strain MRSN910","Good","WGS"
"470.8095","Acinetobacter baumannii strain MRSN915","Good","WGS"
"470.8096","Acinetobacter baumannii strain MRSN916","Good","WGS"
"470.8097","Acinetobacter baumannii strain MRSN917","Good","WGS"
"470.8098","Acinetobacter baumannii strain MRSN919","Good","WGS"
"470.8099","Acinetobacter baumannii strain MRSN920","Good","WGS"
"470.8100","Acinetobacter baumannii strain MRSN921","Good","WGS"
"470.8101","Acinetobacter baumannii strain MRSN922","Good","WGS"
"470.8102","Acinetobacter baumannii strain MRSN926","Good","WGS"
"470.8103","Acinetobacter baumannii strain MRSN927","Good","WGS"
"470.8104","Acinetobacter baumannii strain MRSN929","Good","WGS"
"470.8105","Acinetobacter baumannii strain MRSN939","Good","WGS"
"470.8106","Acinetobacter baumannii strain MRSN946","Good","WGS"
"470.8107","Acinetobacter baumannii strain MRSN953","Good","WGS"
"470.8108","Acinetobacter baumannii strain MRSN966","Good","WGS"
"470.8112","Acinetobacter baumannii strain not applicable","Good","WGS"
"470.8113","Acinetobacter baumannii strain not applicable","Good","WGS"
"470.8114","Acinetobacter baumannii strain not applicable","Good","WGS"
"470.8116","Acinetobacter baumannii strain not applicable","Good","WGS"
"470.8117","Acinetobacter baumannii strain not applicable","Good","WGS"
"470.8118","Acinetobacter baumannii strain not applicable","Good","WGS"
"470.8120","Acinetobacter baumannii strain not applicable","Good","WGS"
"470.8121","Acinetobacter baumannii strain not applicable","Good","WGS"
"470.8122","Acinetobacter baumannii strain not applicable","Good","WGS"
"470.8123","Acinetobacter baumannii strain not applicable","Good","WGS"
"470.8124","Acinetobacter baumannii strain not applicable","Good","WGS"
"470.8125","Acinetobacter baumannii strain not applicable","Good","WGS"
"470.8126","Acinetobacter baumannii strain not applicable","Good","WGS"
"470.8127","Acinetobacter baumannii strain not applicable","Good","WGS"
"470.9022","Acinetobacter baumannii strain MRSN31461","Good","WGS"
"470.9023","Acinetobacter baumannii strain MRSN31468","Good","WGS"
"470.9024","Acinetobacter baumannii strain MRSN30909","Good","WGS"
"470.9026","Acinetobacter baumannii strain MRSN960","Good","WGS"
"470.9027","Acinetobacter baumannii strain MRSN7690","Good","WGS"
"470.9028","Acinetobacter baumannii strain MRSN959","Good","WGS"
"470.9029","Acinetobacter baumannii strain MRSN489678","Good","WGS"
"470.9036","Acinetobacter baumannii strain MRSN7251","Good","WGS"
"470.9037","Acinetobacter baumannii strain MRSN6541","Good","WGS"
"470.9039","Acinetobacter baumannii strain MRSN334","Good","WGS"
"470.9040","Acinetobacter baumannii strain MRSN480561","Good","WGS"
"470.9043","Acinetobacter baumannii strain MRSN31915","Good","WGS"
"470.9045","Acinetobacter baumannii strain MRSN7124","Good","WGS"
"470.9046","Acinetobacter baumannii strain MRSN7431","Good","WGS"
"470.9049","Acinetobacter baumannii strain MRSN32892","Good","WGS"
"470.9050","Acinetobacter baumannii strain MRSN32875","Good","WGS"
"470.9051","Acinetobacter baumannii strain MRSN3658","Good","WGS"
"470.9052","Acinetobacter baumannii strain MRSN7113","Good","WGS"
"470.9053","Acinetobacter baumannii strain MRSN7576","Good","WGS"
"470.9055","Acinetobacter baumannii strain MRSN7067","Good","WGS"
"470.9056","Acinetobacter baumannii strain MRSN480622","Good","WGS"
"470.9060","Acinetobacter baumannii strain MRSN32866","Good","WGS"
"470.9061","Acinetobacter baumannii strain MRSN351524","Good","WGS"
"470.9064","Acinetobacter baumannii strain MRSN32865","Good","WGS"
"470.9065","Acinetobacter baumannii strain MRSN31947","Good","WGS"
"470.9066","Acinetobacter baumannii strain MRSN3692","Good","WGS"
"470.9067","Acinetobacter baumannii strain MRSN3360","Good","WGS"
"470.9070","Acinetobacter baumannii strain MRSN7735","Good","WGS"
"470.9072","Acinetobacter baumannii strain MRSN351162","Good","WGS"
"470.9074","Acinetobacter baumannii strain MRSN32304","Good","WGS"
"470.9075","Acinetobacter baumannii strain MRSN32797","Good","WGS"
"470.9076","Acinetobacter baumannii strain MRSN31937","Good","WGS"
"470.9021","Acinetobacter baumannii strain MRSN31196","Good","WGS"
"470.9025","Acinetobacter baumannii strain MRSN5969","Good","WGS"
"470.9030","Acinetobacter baumannii strain MRSN7213","Good","WGS"
"470.9031","Acinetobacter baumannii strain MRSN489669","Good","WGS"
"470.9032","Acinetobacter baumannii strain MRSN4484","Good","WGS"
"470.9033","Acinetobacter baumannii strain MRSN843","Good","WGS"
"470.9034","Acinetobacter baumannii strain MRSN918","Good","WGS"
"470.9035","Acinetobacter baumannii strain MRSN7521","Good","WGS"
"470.9038","Acinetobacter baumannii strain MRSN32142","Good","WGS"
"470.9041","Acinetobacter baumannii strain MRSN7153","Good","WGS"
"470.9042","Acinetobacter baumannii strain MRSN4943","Good","WGS"
"470.9044","Acinetobacter baumannii strain MRSN31523","Good","WGS"
"470.9047","Acinetobacter baumannii strain MRSN337038","Good","WGS"
"470.9048","Acinetobacter baumannii strain MRSN7725","Good","WGS"
"470.9054","Acinetobacter baumannii strain MRSN32108","Good","WGS"
"470.9057","Acinetobacter baumannii strain MRSN7460","Good","WGS"
"470.9058","Acinetobacter baumannii strain MRSN423159","Good","WGS"
"470.9059","Acinetobacter baumannii strain MRSN7137","Good","WGS"
"470.9062","Acinetobacter baumannii strain MRSN3874","Good","WGS"
"470.9063","Acinetobacter baumannii strain MRSN30912","Good","WGS"
"470.9068","Acinetobacter baumannii strain MRSN32104","Good","WGS"
"470.9069","Acinetobacter baumannii strain MRSN32842","Good","WGS"
"470.9071","Acinetobacter baumannii strain MRSN7446","Good","WGS"
"470.9073","Acinetobacter baumannii strain MRSN32915","Good","WGS"
"470.9077","Acinetobacter baumannii strain MRSN32076","Good","WGS"
"470.9078","Acinetobacter baumannii strain MRSN31942","Good","WGS"
"470.9079","Acinetobacter baumannii strain MRSN30945","Good","WGS"
"470.9080","Acinetobacter baumannii strain MRSN11224","Good","WGS"
"470.9081","Acinetobacter baumannii strain MRSN1174","Good","WGS"
"470.9082","Acinetobacter baumannii strain MRSN11669","Good","WGS"
"470.9083","Acinetobacter baumannii strain MRSN30000","Good","WGS"
"470.9084","Acinetobacter baumannii strain MRSN19482","Good","WGS"
"470.9085","Acinetobacter baumannii strain MRSN25547","Good","WGS"
"470.9086","Acinetobacter baumannii strain MRSN29908","Good","WGS"
"470.9087","Acinetobacter baumannii strain MRSN11695","Good","WGS"
"470.9088","Acinetobacter baumannii strain MRSN24008","Good","WGS"
"470.9089","Acinetobacter baumannii strain MRSN1551","Good","WGS"
"470.9090","Acinetobacter baumannii strain MRSN2821","Good","WGS"
"470.9091","Acinetobacter baumannii strain MRSN10372","Good","WGS"
"470.9092","Acinetobacter baumannii strain MRSN24603","Good","WGS"
"470.9093","Acinetobacter baumannii strain MRSN15088","Good","WGS"
"470.9094","Acinetobacter baumannii strain MRSN1171","Good","WGS"
"470.9095","Acinetobacter baumannii strain MRSN30885","Good","WGS"
"470.9096","Acinetobacter baumannii strain MRSN29999","Good","WGS"
"470.9097","Acinetobacter baumannii strain MRSN22112","Good","WGS"
"470.9098","Acinetobacter baumannii strain MRSN11703","Good","WGS"
"470.9099","Acinetobacter baumannii strain MRSN21660","Good","WGS"
"470.9100","Acinetobacter baumannii strain MRSN15075","Good","WGS"
"470.9101","Acinetobacter baumannii strain MRSN17493","Good","WGS"
"470.9102","Acinetobacter baumannii strain MRSN30896","Good","WGS"
"470.9103","Acinetobacter baumannii strain MRSN15129","Good","WGS"
"470.9104","Acinetobacter baumannii strain MRSN15070","Good","WGS"
"470.9105","Acinetobacter baumannii strain MRSN15049","Good","WGS"
"470.9106","Acinetobacter baumannii strain MRSN1311","Good","WGS"
"470.9107","Acinetobacter baumannii strain MRSN14427","Good","WGS"
"470.9108","Acinetobacter baumannii strain MRSN14193","Good","WGS"
"470.9109","Acinetobacter baumannii strain MRSN14237","Good","WGS"
"470.9110","Acinetobacter baumannii strain MRSN1187","Good","WGS"
"470.9111","Acinetobacter baumannii strain MRSN1196","Good","WGS"
"470.9112","Acinetobacter baumannii strain MRSN11816","Good","WGS"
"470.9113","Acinetobacter baumannii strain MRSN1183","Good","WGS"
"470.9114","Acinetobacter baumannii strain MRSN15574","Good","WGS"
"470.9115","Acinetobacter baumannii strain MRSN15093","Good","WGS"
"470.9116","Acinetobacter baumannii strain MRSN16880","Good","WGS"
"470.9117","Acinetobacter baumannii strain MRSN31159","Good","WGS"
"470.9118","Acinetobacter baumannii strain MRSN11663","Good","WGS"
"470.9120","Acinetobacter baumannii strain MRSN23390","Good","WGS"
"470.9121","Acinetobacter baumannii strain MRSN21681","Good","WGS"
"470.9250","Acinetobacter baumannii strain K09-14","Good","Complete"
"470.9341","Acinetobacter baumannii strain 5464","Good","WGS"
"470.9342","Acinetobacter baumannii strain 34301","Good","WGS"
"470.9343","Acinetobacter baumannii strain 5326","Good","WGS"
"470.9344","Acinetobacter baumannii strain 2992","Good","WGS"
"470.9345","Acinetobacter baumannii strain 20858","Good","WGS"
"470.9346","Acinetobacter baumannii strain 29282","Good","WGS"
"470.9347","Acinetobacter baumannii strain 2375","Good","WGS"
"470.9348","Acinetobacter baumannii strain 16533","Good","WGS"
"470.9411","Acinetobacter baumannii strain 5457","Good","Complete"
"470.9416","Acinetobacter baumannii strain 6507","Good","Complete"
"470.11118","Acinetobacter baumannii strain PBIO721","Good","WGS"
"470.12425","Acinetobacter baumannii strain Res13-Abat-PEA25-P5-02","Good","WGS"
"470.12426","Acinetobacter baumannii strain Res13-Abat-PEA28-P5-02-A","Good","WGS"
"470.12427","Acinetobacter baumannii strain Res13-Abat-PEA16-P5-01-A","Good","WGS"
"470.12428","Acinetobacter baumannii strain Res13-Abat-EA3-S5-02-A","Good","WGS"
"470.1320","Acinetobacter baumannii strain ORAB03","Good","WGS"
"470.1321","Acinetobacter baumannii strain ORAB02","Good","WGS"
"470.1322","Acinetobacter baumannii strain ORAB01","Good","WGS"
"470.1323","Acinetobacter baumannii strain ORAB08","Good","WGS"
"470.1324","Acinetobacter baumannii strain ORAB09","Good","WGS"
"470.1326","Acinetobacter baumannii strain ORAB13","Good","WGS"
"470.1327","Acinetobacter baumannii strain ORAB14","Good","WGS"
"470.1328","Acinetobacter baumannii strain ORAB16","Good","WGS"
"470.1329","Acinetobacter baumannii strain ORAB15","Good","WGS"
"470.1330","Acinetobacter baumannii strain ORAB17","Good","WGS"
"470.1331","Acinetobacter baumannii strain ORAB18","Good","WGS"
"470.13386","Acinetobacter baumannii strain Ab32","Good","WGS"
"470.13387","Acinetobacter baumannii strain Ab105","Good","WGS"
"470.13388","Acinetobacter baumannii strain Ab905","Good","WGS"
"470.13389","Acinetobacter baumannii strain Ab241","Good","WGS"
"470.13390","Acinetobacter baumannii strain Ab238","Good","WGS"
"470.1359","Acinetobacter baumannii strain MRSN16897","Good","WGS"
"470.1548","Acinetobacter baumannii strain MRSN17592","Good","WGS"
"470.1549","Acinetobacter baumannii strain MRSN17593","Good","WGS"
"470.1550","Acinetobacter baumannii strain MRSN16901","Good","WGS"
"470.1551","Acinetobacter baumannii strain MRSN16896","Good","WGS"
"470.1552","Acinetobacter baumannii strain MRSN16898","Good","WGS"
"470.1553","Acinetobacter baumannii strain MRSN16881","Good","WGS"
"470.1554","Acinetobacter baumannii strain MRSN16882","Good","WGS"
"470.1555","Acinetobacter baumannii strain MRSN15038","Good","WGS"
"470.1556","Acinetobacter baumannii strain MRSN20315","Good","WGS"
"470.1557","Acinetobacter baumannii strain MRSN15084","Good","WGS"
"470.1558","Acinetobacter baumannii strain MRSN20755","Good","WGS"
"470.1559","Acinetobacter baumannii strain MRSN7081","Good","WGS"
"470.1560","Acinetobacter baumannii strain MRSN16874","Good","WGS"
"470.1561","Acinetobacter baumannii strain MRSN4119","Good","WGS"
"470.1562","Acinetobacter baumannii strain MRSN3941","Good","WGS"
"470.1563","Acinetobacter baumannii strain MRSN5540","Good","WGS"
"470.1564","Acinetobacter baumannii strain MRSN6269","Good","WGS"
"470.1565","Acinetobacter baumannii strain MRSN6273","Good","WGS"
"470.16198","Acinetobacter baumannii BAL_056","Good","WGS"
"470.16199","Acinetobacter baumannii BAL_058","Good","WGS"
"470.16200","Acinetobacter baumannii BAL_064","Good","WGS"
"470.16201","Acinetobacter baumannii BAL_084","Good","WGS"
"470.16202","Acinetobacter baumannii BAL_087","Good","WGS"
"470.16203","Acinetobacter baumannii BAL_097","Good","WGS"
"470.16204","Acinetobacter baumannii BAL_103","Good","WGS"
"470.16205","Acinetobacter baumannii BAL_106","Good","WGS"
"470.16206","Acinetobacter baumannii BAL_114","Good","WGS"
"470.16207","Acinetobacter baumannii BAL_128","Good","WGS"
"470.16209","Acinetobacter baumannii BAL_173","Good","WGS"
"470.16210","Acinetobacter baumannii BAL_182","Good","WGS"
"470.16211","Acinetobacter baumannii BAL_186","Good","WGS"
"470.16213","Acinetobacter baumannii BAL_190","Good","WGS"
"470.16214","Acinetobacter baumannii BAL_191","Good","WGS"
"470.16216","Acinetobacter baumannii BAL_194","Good","WGS"
"470.16219","Acinetobacter baumannii BAL_204","Good","WGS"
"470.16220","Acinetobacter baumannii BAL_205","Good","WGS"
"470.16221","Acinetobacter baumannii BAL_206","Good","WGS"
"470.16223","Acinetobacter baumannii BAL_212","Good","WGS"
"470.16226","Acinetobacter baumannii BAL_216","Good","WGS"
"470.16227","Acinetobacter baumannii BAL_230","Good","WGS"
"470.16232","Acinetobacter baumannii BAL_235","Good","WGS"
"470.16233","Acinetobacter baumannii BAL_238","Good","WGS"
"470.16234","Acinetobacter baumannii BAL_242","Good","WGS"
"470.16238","Acinetobacter baumannii BAL_255","Good","WGS"
"470.16240","Acinetobacter baumannii BAL_262","Good","WGS"
"470.16246","Acinetobacter baumannii BAL_291","Good","WGS"
"470.16247","Acinetobacter baumannii BAL_295","Good","WGS"
"470.16249","Acinetobacter baumannii BAL_306","Good","WGS"
"470.16251","Acinetobacter baumannii BAL_311","Good","WGS"
"470.16252","Acinetobacter baumannii BAL_315","Good","WGS"
"470.16253","Acinetobacter baumannii BAL_320","Good","WGS"
"470.16255","Acinetobacter baumannii BAL_322","Good","WGS"
"470.16258","Acinetobacter baumannii BAL_331","Good","WGS"
"470.16259","Acinetobacter baumannii BAL_336","Good","WGS"
"470.16261","Acinetobacter baumannii BAL_339","Good","WGS"
"470.16265","Acinetobacter baumannii BAL_350","Good","WGS"
"470.16269","Acinetobacter baumannii BAL_361","Good","WGS"
"470.16275","Acinetobacter baumannii NCSR_106","Good","WGS"
"470.16276","Acinetobacter baumannii NCSR_132","Good","WGS"
"470.16277","Acinetobacter baumannii NL_4","Good","WGS"
"470.16279","Acinetobacter baumannii NL_6","Good","WGS"
"470.16281","Acinetobacter baumannii UV_956","Good","WGS"
"470.16282","Acinetobacter baumannii UV_965","Good","WGS"
"470.16284","Acinetobacter baumannii UV_968","Good","WGS"
"470.16286","Acinetobacter baumannii UV_1036","Good","WGS"
"470.16290","Acinetobacter baumannii UV_1897","Good","WGS"
"470.16293","Acinetobacter baumannii 5_ax","Good","WGS"
"470.16294","Acinetobacter baumannii 10_n","Good","WGS"
"470.16295","Acinetobacter baumannii 12_ax","Good","WGS"
"470.16296","Acinetobacter baumannii 12_c","Good","WGS"
"470.16297","Acinetobacter baumannii 18_n","Good","WGS"
"470.16298","Acinetobacter baumannii 20_an","Good","WGS"
"470.16299","Acinetobacter baumannii 27_ax","Good","WGS"
"470.16300","Acinetobacter baumannii 38_an","Good","WGS"
"470.16303","Acinetobacter baumannii 45_c","Good","WGS"
"470.16308","Acinetobacter baumannii 73_ax","Good","WGS"
"470.16309","Acinetobacter baumannii 91_an","Good","WGS"
"470.16310","Acinetobacter baumannii 91_n","Good","WGS"
"470.16311","Acinetobacter baumannii 102_an","Good","WGS"
"470.16314","Acinetobacter baumannii 145_n","Good","WGS"
"470.16316","Acinetobacter baumannii 184_n","Good","WGS"
"470.16318","Acinetobacter baumannii 185_n","Good","WGS"
"470.16222","Acinetobacter baumannii BAL_208","Good","WGS"
"470.16224","Acinetobacter baumannii BAL_214","Good","WGS"
"470.16225","Acinetobacter baumannii BAL_215","Good","WGS"
"470.16228","Acinetobacter baumannii BAL_225","Good","WGS"
"470.16229","Acinetobacter baumannii BAL_224","Good","WGS"
"470.16230","Acinetobacter baumannii BAL_219","Good","WGS"
"470.16236","Acinetobacter baumannii BAL_244","Good","WGS"
"470.16237","Acinetobacter baumannii BAL_253","Good","WGS"
"470.16241","Acinetobacter baumannii BAL_266","Good","WGS"
"470.16243","Acinetobacter baumannii BAL_276","Good","WGS"
"470.16244","Acinetobacter baumannii BAL_283","Good","WGS"
"470.16245","Acinetobacter baumannii BAL_287","Good","WGS"
"470.16248","Acinetobacter baumannii BAL_298","Good","WGS"
"470.16250","Acinetobacter baumannii BAL_309","Good","WGS"
"470.16254","Acinetobacter baumannii BAL_321","Good","WGS"
"470.16256","Acinetobacter baumannii BAL_329","Good","WGS"
"470.16262","Acinetobacter baumannii BAL_340","Good","WGS"
"470.16263","Acinetobacter baumannii BAL_341","Good","WGS"
"470.16264","Acinetobacter baumannii BAL_346","Good","WGS"
"470.16266","Acinetobacter baumannii BAL_349","Good","WGS"
"470.16267","Acinetobacter baumannii BAL_353","Good","WGS"
"470.16271","Acinetobacter baumannii BAL_369","Good","WGS"
"470.16272","Acinetobacter baumannii BAL_372","Good","WGS"
"470.16274","Acinetobacter baumannii BAL_383","Good","WGS"
"470.16283","Acinetobacter baumannii UV_964","Good","WGS"
"470.16285","Acinetobacter baumannii UV_973","Good","WGS"
"470.16288","Acinetobacter baumannii UV_1174","Good","WGS"
"470.16289","Acinetobacter baumannii UV_1268","Good","WGS"
"470.16291","Acinetobacter baumannii 2_an","Good","WGS"
"470.16292","Acinetobacter baumannii 8_an","Good","WGS"
"470.16301","Acinetobacter baumannii 39_ax","Good","WGS"
"470.16302","Acinetobacter baumannii 45_ax","Good","WGS"
"470.16305","Acinetobacter baumannii 45_n","Good","WGS"
"470.16312","Acinetobacter baumannii 115_ax","Good","WGS"
"470.16313","Acinetobacter baumannii 110_n","Good","WGS"
"470.16317","Acinetobacter baumannii 127_an","Good","WGS"
"470.16320","Acinetobacter baumannii 187_c","Good","WGS"
"470.16321","Acinetobacter baumannii 209_n","Good","WGS"
"470.16322","Acinetobacter baumannii 212_c","Good","WGS"
"470.16323","Acinetobacter baumannii 221_c","Good","WGS"
"470.16324","Acinetobacter baumannii 228_an","Good","WGS"
"470.16325","Acinetobacter baumannii 230_ax","Good","WGS"
"470.16326","Acinetobacter baumannii 233_an","Good","WGS"
"470.16327","Acinetobacter baumannii 235_ax","Good","WGS"
"470.16328","Acinetobacter baumannii 238_an","Good","WGS"
"470.16329","Acinetobacter baumannii 245_ax","Good","WGS"
"470.16330","Acinetobacter baumannii 259_an","Good","WGS"
"470.16331","Acinetobacter baumannii 255_n","Good","WGS"
"470.16332","Acinetobacter baumannii 263_an","Good","WGS"
"470.16333","Acinetobacter baumannii 266_an","Good","WGS"
"470.16334","Acinetobacter baumannii 273_n","Good","WGS"
"470.16335","Acinetobacter baumannii 276_ax","Good","WGS"
"470.16336","Acinetobacter baumannii 277_ax","Good","WGS"
"470.16337","Acinetobacter baumannii 281_n","Good","WGS"
"470.16338","Acinetobacter baumannii 282_an","Good","WGS"
"470.16340","Acinetobacter baumannii 290_an","Good","WGS"
"470.16341","Acinetobacter baumannii 295_an","Good","WGS"
"470.16342","Acinetobacter baumannii 295_c","Good","WGS"
"470.16343","Acinetobacter baumannii 300_n","Good","WGS"
"470.16344","Acinetobacter baumannii 306_n","Good","WGS"
"470.16345","Acinetobacter baumannii 316_an","Good","WGS"
"470.16346","Acinetobacter baumannii 338_an","Good","WGS"
"470.16347","Acinetobacter baumannii 338_ax","Good","WGS"
"470.16348","Acinetobacter baumannii 341_c","Good","WGS"
"470.16349","Acinetobacter baumannii 344_an","Good","WGS"
"470.16350","Acinetobacter baumannii 350_n","Good","WGS"
"470.16351","Acinetobacter baumannii 354_n","Good","WGS"
"470.1742","Acinetobacter baumannii strain J10","Good","WGS"
"470.1743","Acinetobacter baumannii strain J1","Good","WGS"
"470.1744","Acinetobacter baumannii strain J5","Good","WGS"
"470.1745","Acinetobacter baumannii strain D78","Good","WGS"
"470.1746","Acinetobacter baumannii strain D30","Good","WGS"
"470.1748","Acinetobacter baumannii strain A92","Good","WGS"
"470.1749","Acinetobacter baumannii strain D81","Good","WGS"
"470.1750","Acinetobacter baumannii strain WM98","Good","WGS"
"470.1751","Acinetobacter baumannii strain D2","Good","WGS"
"470.1752","Acinetobacter baumannii strain A388","Good","WGS"
"470.1753","Acinetobacter baumannii strain RBH3","Good","WGS"
"470.1754","Acinetobacter baumannii strain D62","Good","WGS"
"470.1755","Acinetobacter baumannii strain J7","Good","WGS"
"470.1756","Acinetobacter baumannii strain A85","Good","WGS"
"470.1757","Acinetobacter baumannii strain D13","Good","WGS"
"470.1758","Acinetobacter baumannii strain 6772166","Good","WGS"
"470.1759","Acinetobacter baumannii strain G7","Good","WGS"
"470.1760","Acinetobacter baumannii strain A297","Good","WGS"
"470.1761","Acinetobacter baumannii strain A83","Good","WGS"
"470.1762","Acinetobacter baumannii strain D3208","Good","WGS"
"470.17908","Acinetobacter baumannii 5955","Good","Complete"
"470.17922","Acinetobacter baumannii 5761","Good","Complete"
"470.17923","Acinetobacter baumannii 5689","Good","Complete"
"470.17944","Acinetobacter baumannii 5634","Good","Complete"
"470.17958","Acinetobacter baumannii 22","Good","WGS"
"470.18043","Acinetobacter baumannii CCBH26619","Good","WGS"
"470.1770","Acinetobacter baumannii strain ORABSC","Good","WGS"
"470.1772","Acinetobacter baumannii strain ORAB23","Good","WGS"
"470.17904","Acinetobacter baumannii Z1","Good","Complete"
"470.17905","Acinetobacter baumannii HBYA24","Good","WGS"
"470.17906","Acinetobacter baumannii F46","Good","Complete"
"470.17907","Acinetobacter baumannii 6080","Good","Complete"
"470.17909","Acinetobacter baumannii 5840","Good","Complete"
"470.17910","Acinetobacter baumannii 5765","Good","Complete"
"470.17911","Acinetobacter baumannii 5767","Good","Complete"
"470.17912","Acinetobacter baumannii 5847","Good","Complete"
"470.17913","Acinetobacter baumannii 5768","Good","Complete"
"470.17914","Acinetobacter baumannii 5846","Good","Complete"
"470.17915","Acinetobacter baumannii 5839","Good","Complete"
"470.17916","Acinetobacter baumannii 5771","Good","Complete"
"470.17917","Acinetobacter baumannii 5779","Good","Complete"
"470.17918","Acinetobacter baumannii 5769","Good","Complete"
"470.17919","Acinetobacter baumannii 5773","Good","Complete"
"470.17920","Acinetobacter baumannii 5759","Good","Complete"
"470.17921","Acinetobacter baumannii 5740","Good","Complete"
"470.17924","Acinetobacter baumannii 5685","Good","Complete"
"470.17925","Acinetobacter baumannii 5736","Good","Complete"
"470.17926","Acinetobacter baumannii 5729","Good","Complete"
"470.17927","Acinetobacter baumannii 5732","Good","Complete"
"470.17928","Acinetobacter baumannii 5734","Good","Complete"
"470.17929","Acinetobacter baumannii 5741","Good","Complete"
"470.17930","Acinetobacter baumannii 5760","Good","Complete"
"470.17931","Acinetobacter baumannii 5745","Good","Complete"
"470.17932","Acinetobacter baumannii 5663","Good","Complete"
"470.17933","Acinetobacter baumannii 5656","Good","Complete"
"470.17934","Acinetobacter baumannii 5664","Good","Complete"
"470.17935","Acinetobacter baumannii 5683","Good","Complete"
"470.17936","Acinetobacter baumannii 5679","Good","Complete"
"470.17937","Acinetobacter baumannii 5672","Good","Complete"
"470.17938","Acinetobacter baumannii 5670","Good","Complete"
"470.17939","Acinetobacter baumannii 5671","Good","Complete"
"470.17940","Acinetobacter baumannii 5666","Good","Complete"
"470.17941","Acinetobacter baumannii 5669","Good","Complete"
"470.17942","Acinetobacter baumannii 5388","Good","Complete"
"470.17943","Acinetobacter baumannii 5626","Good","Complete"
"470.17945","Acinetobacter baumannii 5653","Good","Complete"
"470.17946","Acinetobacter baumannii 5651","Good","Complete"
"470.17947","Acinetobacter baumannii 11","Good","WGS"
"470.17948","Acinetobacter baumannii 2","Good","WGS"
"470.17949","Acinetobacter baumannii 28","Good","WGS"
"470.17950","Acinetobacter baumannii 37","Good","WGS"
"470.17951","Acinetobacter baumannii 15","Good","WGS"
"470.17952","Acinetobacter baumannii 26","Good","WGS"
"470.17953","Acinetobacter baumannii 27","Good","WGS"
"470.17954","Acinetobacter baumannii 24","Good","WGS"
"470.17955","Acinetobacter baumannii 31","Good","WGS"
"470.17956","Acinetobacter baumannii 25","Good","WGS"
"470.17957","Acinetobacter baumannii 17","Good","WGS"
"470.17959","Acinetobacter baumannii PF19","Good","WGS"
"470.17960","Acinetobacter baumannii PF07","Good","WGS"
"470.17961","Acinetobacter baumannii PF34","Good","WGS"
"470.17962","Acinetobacter baumannii CF260","Good","WGS"
"470.17963","Acinetobacter baumannii CN26","Good","WGS"
"470.17964","Acinetobacter baumannii CN35","Good","WGS"
"470.17965","Acinetobacter baumannii PF16","Good","WGS"
"470.17966","Acinetobacter baumannii PF20","Good","WGS"
"470.17967","Acinetobacter baumannii PF36","Good","WGS"
"470.17968","Acinetobacter baumannii PF18","Good","WGS"
"470.17969","Acinetobacter baumannii CF258","Good","WGS"
"470.17970","Acinetobacter baumannii CF254","Good","WGS"
"470.17971","Acinetobacter baumannii CF233","Good","WGS"
"470.17972","Acinetobacter baumannii CF234","Good","WGS"
"470.17973","Acinetobacter baumannii CF251","Good","WGS"
"470.17974","Acinetobacter baumannii RES-546","Good","WGS"
"470.17975","Acinetobacter baumannii DETAB-E108","Good","Complete"
"470.17976","Acinetobacter baumannii DETAB-E351","Good","Complete"
"470.17977","Acinetobacter baumannii DETAB-E159","Good","Complete"
"470.17978","Acinetobacter baumannii DETAB-P65","Good","Complete"
"470.17979","Acinetobacter baumannii DETAB-P90","Good","Complete"
"470.17980","Acinetobacter baumannii DETAB-E155","Good","Complete"
"470.17981","Acinetobacter baumannii DETAB-E51","Good","Complete"
"470.17982","Acinetobacter baumannii DETAB-P43","Good","Complete"
"470.17983","Acinetobacter baumannii DETAB-P24","Good","Complete"
"470.18039","Acinetobacter baumannii CCBH29255","Good","WGS"
"470.18040","Acinetobacter baumannii CCBH29253","Good","WGS"
"470.18041","Acinetobacter baumannii CCBH29224","Good","WGS"
"470.18042","Acinetobacter baumannii CCBH28561","Good","WGS"
"470.18050","Acinetobacter baumannii Ltt337","Good","WGS"
"470.18054","Acinetobacter baumannii Ltt326","Good","WGS"
"470.18058","Acinetobacter baumannii Ltt318","Good","WGS"
"470.18069","Acinetobacter baumannii Ltt233","Good","WGS"
"470.18071","Acinetobacter baumannii Ltt231","Good","WGS"
"470.18072","Acinetobacter baumannii Ltt230","Good","WGS"
"470.18078","Acinetobacter baumannii Ltt217","Good","WGS"
"470.18080","Acinetobacter baumannii Ltt210","Good","WGS"
"470.18081","Acinetobacter baumannii Ltt209","Good","WGS"
"470.18084","Acinetobacter baumannii Ltt112","Good","WGS"
"470.18085","Acinetobacter baumannii Ltt111","Good","WGS"
"470.18086","Acinetobacter baumannii Ltt107","Good","WGS"
"470.18089","Acinetobacter baumannii Ltt50","Good","WGS"
"470.18093","Acinetobacter baumannii Ltt44","Good","WGS"
"470.18100","Acinetobacter baumannii Ltt26","Good","WGS"
"470.18106","Acinetobacter baumannii Ltt11","Good","WGS"
"470.18108","Acinetobacter baumannii Ltt13","Good","WGS"
"470.18114","Acinetobacter baumannii Ltt1","Good","WGS"
"470.18117","Acinetobacter baumannii SDL32","Good","WGS"
"470.18044","Acinetobacter baumannii CCBH26501","Good","WGS"
"470.18045","Acinetobacter baumannii Ltt344","Good","WGS"
"470.18046","Acinetobacter baumannii Ltt343","Good","WGS"
"470.18047","Acinetobacter baumannii Ltt341","Good","WGS"
"470.18048","Acinetobacter baumannii Ltt338","Good","WGS"
"470.18049","Acinetobacter baumannii Ltt332","Good","WGS"
"470.18051","Acinetobacter baumannii Ltt335","Good","WGS"
"470.18052","Acinetobacter baumannii Ltt331","Good","WGS"
"470.18053","Acinetobacter baumannii Ltt330","Good","WGS"
"470.18055","Acinetobacter baumannii Ltt328","Good","WGS"
"470.18056","Acinetobacter baumannii Ltt325","Good","WGS"
"470.18057","Acinetobacter baumannii Ltt321","Good","WGS"
"470.18059","Acinetobacter baumannii Ltt306","Good","WGS"
"470.18060","Acinetobacter baumannii Ltt320","Good","WGS"
"470.18061","Acinetobacter baumannii Ltt240","Good","WGS"
"470.18062","Acinetobacter baumannii Ltt322","Good","WGS"
"470.18063","Acinetobacter baumannii Ltt242","Good","WGS"
"470.18064","Acinetobacter baumannii Ltt238","Good","WGS"
"470.18065","Acinetobacter baumannii Ltt237","Good","WGS"
"470.18066","Acinetobacter baumannii Ltt236","Good","WGS"
"470.18067","Acinetobacter baumannii Ltt235","Good","WGS"
"470.18068","Acinetobacter baumannii Ltt234","Good","WGS"
"470.18070","Acinetobacter baumannii Ltt232","Good","WGS"
"470.18073","Acinetobacter baumannii Ltt228","Good","WGS"
"470.18074","Acinetobacter baumannii Ltt229","Good","WGS"
"470.18075","Acinetobacter baumannii Ltt221","Good","WGS"
"470.18076","Acinetobacter baumannii Ltt220","Good","WGS"
"470.18077","Acinetobacter baumannii Ltt219","Good","WGS"
"470.18079","Acinetobacter baumannii Ltt215","Good","WGS"
"470.1808","Acinetobacter baumannii strain ORAB6b","Good","WGS"
"470.18082","Acinetobacter baumannii Ltt120","Good","WGS"
"470.18083","Acinetobacter baumannii Ltt119","Good","WGS"
"470.18087","Acinetobacter baumannii Ltt105","Good","WGS"
"470.18088","Acinetobacter baumannii Ltt109","Good","WGS"
"470.1809","Acinetobacter baumannii strain ORAB21","Good","WGS"
"470.18090","Acinetobacter baumannii Ltt118","Good","WGS"
"470.18091","Acinetobacter baumannii Ltt47","Good","WGS"
"470.18092","Acinetobacter baumannii Ltt49","Good","WGS"
"470.18094","Acinetobacter baumannii Ltt43","Good","WGS"
"470.18095","Acinetobacter baumannii Ltt41","Good","WGS"
"470.18096","Acinetobacter baumannii Ltt33","Good","WGS"
"470.18097","Acinetobacter baumannii Ltt37","Good","WGS"
"470.18098","Acinetobacter baumannii Ltt32","Good","WGS"
"470.18099","Acinetobacter baumannii Ltt23","Good","WGS"
"470.18101","Acinetobacter baumannii Ltt28","Good","WGS"
"470.18102","Acinetobacter baumannii Ltt27","Good","WGS"
"470.18103","Acinetobacter baumannii Ltt36","Good","WGS"
"470.18104","Acinetobacter baumannii Ltt15","Good","WGS"
"470.18105","Acinetobacter baumannii Ltt19","Good","WGS"
"470.18107","Acinetobacter baumannii Ltt14","Good","WGS"
"470.18109","Acinetobacter baumannii Ltt8","Good","WGS"
"470.18110","Acinetobacter baumannii Ltt9","Good","WGS"
"470.18111","Acinetobacter baumannii Ltt3","Good","WGS"
"470.18112","Acinetobacter baumannii Ltt5","Good","WGS"
"470.18113","Acinetobacter baumannii Ltt2","Good","WGS"
"470.18115","Acinetobacter baumannii Ltt7","Good","WGS"
"470.18116","Acinetobacter baumannii 6921","Good","WGS"
"470.18118","Acinetobacter baumannii SDL07","Good","WGS"
"470.18119","Acinetobacter baumannii SDL35","Good","WGS"
"470.18120","Acinetobacter baumannii SDL40","Good","WGS"
"470.18121","Acinetobacter baumannii 280820","Good","Complete"
"470.18122","Acinetobacter baumannii VB280821","Good","Complete"
"470.18123","Acinetobacter baumannii YpEcr0KRId_bin.2.MAG","Good","WGS"
"470.18521","Acinetobacter baumannii R_B2.MM","Good","WGS"
"470.18676","Acinetobacter baumannii strain AB2369","Good","Complete"
"470.18678","Acinetobacter baumannii strain KFMC_AB1911","Good","WGS"
"470.18679","Acinetobacter baumannii strain KFMC_AB1913","Good","WGS"
"470.18680","Acinetobacter baumannii strain KFMC_AB198","Good","WGS"
"470.18681","Acinetobacter baumannii strain KFMC_AB201","Good","WGS"
"470.18682","Acinetobacter baumannii strain KFMC_AB194","Good","WGS"
"470.18683","Acinetobacter baumannii strain KFMC_AB197","Good","WGS"
"470.18684","Acinetobacter baumannii strain KFMC_AB199","Good","WGS"
"470.18685","Acinetobacter baumannii strain KFMC_AB195","Good","WGS"
"470.18686","Acinetobacter baumannii strain KFMC_AB202","Good","WGS"
"470.18687","Acinetobacter baumannii strain KFMC_AB193","Good","WGS"
"470.18688","Acinetobacter baumannii strain KFMC_AB192","Good","WGS"
"470.18689","Acinetobacter baumannii strain KFMC_AB1912","Good","WGS"
"470.18690","Acinetobacter baumannii strain KFMC_AB204","Good","WGS"
"470.18691","Acinetobacter baumannii strain KFMC_AB203","Good","WGS"
"470.18692","Acinetobacter baumannii strain KFMC_AB196","Good","WGS"
"470.18693","Acinetobacter baumannii strain MCR003","Good","WGS"
"470.18694","Acinetobacter baumannii strain MSHR-A62","Good","WGS"
"470.18695","Acinetobacter baumannii strain CHSZNSAB23","Good","WGS"
"470.18696","Acinetobacter baumannii strain IY-BUK-16","Good","WGS"
"470.18697","Acinetobacter baumannii strain IY-BUK-17","Good","WGS"
"470.18698","Acinetobacter baumannii strain IY-BUK-15","Good","WGS"
"470.18699","Acinetobacter baumannii strain IY-BUK-14","Good","WGS"
"470.18700","Acinetobacter baumannii strain IY-BUK-11","Good","WGS"
"470.18701","Acinetobacter baumannii strain CHSZNSAB31","Good","WGS"
"470.18702","Acinetobacter baumannii strain IY-BUK-13","Good","WGS"
"470.18703","Acinetobacter baumannii strain IY-BUK-12","Good","WGS"
"470.18704","Acinetobacter baumannii strain IY-BUK3","Good","WGS"
"470.18705","Acinetobacter baumannii strain IY-BUK4","Good","WGS"
"470.18706","Acinetobacter baumannii strain IY-BUK6","Good","WGS"
"470.18707","Acinetobacter baumannii strain IY-BUK 1a","Good","WGS"
"470.18708","Acinetobacter baumannii strain U35","Good","WGS"
"470.18709","Acinetobacter baumannii strain 2021CK-01409","Good","Complete"
"470.18713","Acinetobacter baumannii strain 2021CK-01335","Good","Complete"
"470.18710","Acinetobacter baumannii strain 2021CK-01408","Good","Complete"
"470.18711","Acinetobacter baumannii strain 2021CK-01332","Good","Complete"
"470.18712","Acinetobacter baumannii strain 2021CK-01300","Good","Complete"
"470.18714","Acinetobacter baumannii strain 2021CK-01333","Good","Complete"
"470.18715","Acinetobacter baumannii strain AB105","Good","Complete"
"470.18717","Acinetobacter baumannii strain BHI2-bin.4","Good","WGS"
"470.18718","Acinetobacter baumannii strain BHI1-bin.3","Good","WGS"
"470.18719","Acinetobacter baumannii strain 2021CK-01407","Good","Complete"
"903889.3","Acinetobacter baumannii OIFC137","Good","WGS"
"903893.3","Acinetobacter baumannii OIFC143","Good","WGS"
"903894.3","Acinetobacter baumannii OIFC189","Good","WGS"
"903895.3","Acinetobacter baumannii Canada BC-5","Good","WGS"
"903896.3","Acinetobacter baumannii Naval-17","Good","WGS"
"903897.3","Acinetobacter baumannii Naval-18","Good","WGS"
"903898.3","Acinetobacter baumannii Naval-81","Good","WGS"
"903899.3","Acinetobacter baumannii IS-123","Good","WGS"
"903901.3","Acinetobacter baumannii OIFC074","Good","WGS"
"903902.3","Acinetobacter baumannii OIFC098","Good","WGS"
"903903.3","Acinetobacter baumannii OIFC180","Good","WGS"
"903904.3","Acinetobacter baumannii Naval-13","Good","WGS"
"903905.3","Acinetobacter baumannii IS-235","Good","WGS"
"903906.3","Acinetobacter baumannii IS-251","Good","WGS"
"903908.3","Acinetobacter baumannii Naval-72","Good","WGS"
"903909.3","Acinetobacter baumannii Naval-83","Good","WGS"
"903913.3","Acinetobacter baumannii WC-692","Good","WGS"
"903919.3","Acinetobacter baumannii WC-348","Good","WGS"
"903920.3","Acinetobacter baumannii Naval-113","Good","WGS"
"903921.3","Acinetobacter baumannii Naval-82","Good","WGS"
"903922.3","Acinetobacter baumannii Naval-2","Good","WGS"
"903923.3","Acinetobacter baumannii Naval-21","Good","WGS"
"903925.3","Acinetobacter baumannii WC-A-694","Good","WGS"
"903927.3","Acinetobacter baumannii Naval-57","Good","WGS"
"903931.3","Acinetobacter baumannii WC-A-92","Good","WGS"
"903936.3","Acinetobacter baumannii Naval-78","Good","WGS"
